-- phpMyAdmin SQL Dump
-- version 4.7.7
-- https://www.phpmyadmin.net/
--
-- Servidor: localhost:3306
-- Tiempo de generación: 03-05-2018 a las 15:09:52
-- Versión del servidor: 5.5.59-cll-lve
-- Versión de PHP: 5.6.30

SET SQL_MODE = "NO_AUTO_VALUE_ON_ZERO";
SET AUTOCOMMIT = 0;
START TRANSACTION;
SET time_zone = "+00:00";


/*!40101 SET @OLD_CHARACTER_SET_CLIENT=@@CHARACTER_SET_CLIENT */;
/*!40101 SET @OLD_CHARACTER_SET_RESULTS=@@CHARACTER_SET_RESULTS */;
/*!40101 SET @OLD_COLLATION_CONNECTION=@@COLLATION_CONNECTION */;
/*!40101 SET NAMES utf8mb4 */;

--
-- Base de datos: `stamonic_bdrecicladora`
--

-- --------------------------------------------------------

--
-- Estructura de tabla para la tabla `caja`
--

CREATE TABLE `caja` (
  `id_caja` int(10) UNSIGNED NOT NULL,
  `usuarios_idUsuarios` int(10) UNSIGNED NOT NULL,
  `inicio_caja` double DEFAULT NULL,
  `corte_caja` double DEFAULT NULL,
  `gastos_dia` double DEFAULT NULL,
  `fecha` datetime DEFAULT NULL
) ENGINE=InnoDB DEFAULT CHARSET=latin1;

-- --------------------------------------------------------

--
-- Estructura de tabla para la tabla `cliente`
--

CREATE TABLE `cliente` (
  `id_clientes` int(10) UNSIGNED NOT NULL,
  `nombre` varchar(100) DEFAULT NULL,
  `direccion` varchar(200) DEFAULT NULL,
  `telefono` int(10) UNSIGNED DEFAULT NULL,
  `email` varchar(100) DEFAULT NULL,
  `rfc` varchar(50) DEFAULT NULL,
  `plazoCred` int(10) UNSIGNED DEFAULT NULL,
  `ciudad` varchar(50) DEFAULT NULL,
  `estado` varchar(50) DEFAULT NULL
) ENGINE=InnoDB DEFAULT CHARSET=latin1;

--
-- Volcado de datos para la tabla `cliente`
--

INSERT INTO `cliente` (`id_clientes`, `nombre`, `direccion`, `telefono`, `email`, `rfc`, `plazoCred`, `ciudad`, `estado`) VALUES
(6, 'ABEL CEPEDA', 'ACTUALIZAR DIRECCION', 4294967295, NULL, 'XAXX010101002', 0, 'SALTILLO', 'COAHUILA'),
(7, 'HONORIO HERNANDEZ MORENO', 'MANZANA 4 LOTE 81 COL. TIERRA Y LIBERTAD', 4294967295, NULL, 'HEMH790930', 0, 'SALTILLO', 'COAHUILA'),
(8, 'SILVANO QUIÃ‘ONES CASTRO', 'CARRETERA AVILLA DE GARCIA KM 800 ', 83904207, NULL, 'QUC2740211U42', 0, 'SANTA CATARINA', 'NUEVO LEON'),
(9, 'CARLOS OLAVARRIA FLORES', 'AMATISTA COLONIA MIRAVALLE', 4294967295, NULL, 'OAFC880910', 1, 'SALTILLO', 'COAHUILA'),
(10, 'FERNANDO LOPEZ ', 'LINDA VISTA 3475 COL AMPL. VISTA HERMOSA', 4294967295, NULL, 'LOCF920121', 0, 'SALTILLO', 'COAHUILA'),
(11, 'FRANCISCO JAVIER MORENO CURPUS', 'CALLE REAL DE 14 3012 COL 4 DE OCTUBRE', 844767793, NULL, 'MOCF820414', 0, 'SALTILLO', 'COAHUILA'),
(12, 'JOSE RICARDO HERRERA GONZALEZ', 'AVE CENTRAL MZA 1 LR 6 COL. POSTAL CERRITOS', 4294967295, NULL, 'HEGR810821', 0, 'SALTILLO', 'COAHUILA'),
(15, 'GILBERTO GONZALEZ', 'CALLE 5TA COL NAZARIO ORTIZ', 4294967295, NULL, 'XAXX0101010003', 0, 'SALTILLO', 'COAHUILA'),
(17, 'DAIMLER VEHICULOS COMER MEX S.A DE C.V.', 'CARRETERA GENERAL CEPEDA 8395, EL DERRAMADERO, 25300 SALTILLO, COAH.', 44, NULL, 'DVC910102VDA', 30, 'SALTILLO', 'COAHUILA'),
(18, 'ANTIGUA BRICKWORKS SA DE CV', 'CARRETERA A TORREON KM 19.5 COL. RANCHO LA ESCONDIDA C.P. 25313', 0, NULL, 'ABR161026C67', 8, 'SALTILLO', 'COAHUILA'),
(19, 'HEIDI JUDITH OYERVIDES ESQUIVEL', 'PRIV. STA. ISABEL 1311 INT 10  COL. VALLE DE LAS FLORES INFONAVIT C.P. 25290', 4310356, NULL, 'OEEH8611126T4', 0, 'SALTILLO', 'COAHUILA'),
(20, 'RAMON GLORIA TORRES', 'C. VENUSTIANO CARRANZA #901 1 COL. EJIDAL CP 25350', 0, NULL, 'GOTR550715', 0, 'ARTEAGA', 'COAHUILA'),
(21, 'OPERADORA GISEL S.A.DE C.V.', 'MANUEL ACUÃ‘A 2790 RECIDENCIAL JUAN MANUEL ', 4884200, NULL, 'OGI140901R51', 8, 'GUADALAJARA', 'JALISCO'),
(22, 'LA-Z BOY MUEBLES, S.DE R.L. DE C.V.', 'LIBRAMIEBTO OSCAR FLORS TAPIA 1405-1 PARQUE IND. RAMOS ARIZPE', 8662500, NULL, 'LMU071017A67', 8, 'RAMOS ARIZPE', 'COAHUILA'),
(23, 'VICTOR ORTIZ', 'ASUNCION #207 COL HIBERNIA', 4294967295, NULL, 'OIHV710906', 0, 'SALTILLO', 'COAHUILA'),
(24, 'SERGIO RENE AGUIRRE ALVARADO', 'CALL PABLO RUIZ RIVAS #1108 COL. ANTONIO CARDENAS', 4294967295, NULL, 'AUAS6703121D6', 1, 'SALTILLO ', 'COAHUILA'),
(25, 'JESUS MALTOS', 'CALLE NUBES #178 COL SAN ANGEL', 4294967295, NULL, 'MACJ780913', 8, 'SALTILLO', 'COAHUILA'),
(26, 'MARIA DEL SOCORRO DELGADO CARDENAS ', 'CONOCIDO', 4888339, NULL, 'XAXX0101010004', 1, 'ARTEAGA', 'COAHUILA'),
(27, 'JULIO FERNANDO GARZA', 'AYUNTAMIENTO 1785 COL BELLLA VISTA', 4294967295, NULL, 'GAAJ550412', 0, 'SALTILLO', 'COAHUILA'),
(28, 'JOSE DE JESUS COVARRUBIAS', ' RODRIGO PEREZ', 4294967295, NULL, 'XAXX0101010005', 0, 'COL. LANDIN', 'SALTILLO'),
(29, 'ESAU ABDALA IGA CASILLO', 'VULCANO #142 FRACC. REAL DEL SOL 3 C.P. 25016', 4294967295, NULL, 'IACE780418E10', 1, 'SALTILLO ', 'COAHUILA'),
(30, 'JESUS MARIA COLUNGA GAYTAN', 'CAMINO REAL 100 COL RANCHO LAS VARAS', 4294967295, NULL, 'COGJ911026NJ8', 0, 'SALTILLO', 'COAHUILA'),
(31, 'DAIMLER MANUFACTURA, S.A. DE C.V.', 'CARRETERA GENERAL CEPEDA NO. 8395, COLONIA DERRAMADERO, C.P. 25300, SALTILLO, COAHUILA', 844000000, NULL, 'DMA990408TQ5', 30, 'SALTILLO', 'COAHUILA'),
(32, 'MATERIALES RECICLABLES SALTILLENSES S.A DE C.V.', 'LAS TORRES 560 PARQUE INDUSTRIAL  LAS TORRES C.P. 25114', 4294967295, NULL, 'MRS130218SV0', 30, 'SALTILLO', 'COAHUILA'),
(33, 'JOSE GUADALUPE MARTINEZ AVILA', 'CONSTITUCION  103 COL. EJIDAL CP 25350', 844000000, NULL, 'MAAG730712', 0, 'ARTEAGA', 'COAHUILA'),
(34, 'LUIS CARLOS ARAIZA GONZALEZ', 'CONOCIDO', 4294967295, NULL, 'AAGL740830', 0, 'SALTILLO', 'COAHUILA'),
(35, 'OSCAR HERRERA', 'SAN PEDRO DEL SOTOLAR S/N', 844264290, NULL, 'HELO660828', 0, 'GALEANA', 'NUEVO LEON'),
(36, 'LUIS ENRIQUE AGUILAR CASAS', 'MIGUEL MUÃ‘OZ 121 A FRACC, CONQUISTADORES CP 25019', 4294967295, NULL, 'AUCL660404', 0, 'SALTILLO', 'COAHUILA'),
(37, 'MARTIN VIERA PADILLA', 'CONOCIDO', 84400000, NULL, 'VIPM', 0, 'SALTILLO', 'COAHUILA'),
(38, 'MARTIN RODRIGUEZ PALOMO', 'COL. MISION CERRITOS CP 25016', 8440000, NULL, 'ROPM510702', 0, 'SALTILLO', 'COAHUILA'),
(39, 'JESUS SAUCEDO DURON', 'CARRETERA A LOS VALDEZ SIN NUMERO ENTRE MUSA DE LEON Y EULALIO GUTIERREZ', 0, NULL, 'SADJ731225', 0, 'SALTILLO', 'COAHUILA'),
(40, 'DAVID MEDINA', 'CALLE 5 MZA 24 LOTE 52 COL. BALCONES CP 25155', 4294967295, NULL, 'MEDD690129', 0, 'SALTILLO', 'COAHUILA'),
(41, 'CLIENTE NO CAPTURADO EN BOLETA', 'CAPTURA', 0, NULL, 'RFCVENTAS', 0, 'CAPTURA', 'CAPTURA'),
(42, 'REYNALDO HILARIO CORDOVA PEÃ‘A', 'ALMENDRO #533 COL SALTILLO 2000CP 25115', 0, NULL, 'PECR510710', 0, 'SALTILLO', 'COAHUILA'),
(43, 'FRANCISCO HERRERA LOPEZ', 'SAN PEDRO DEL SOTOLAR S/N LOC. SAN PEDRO DEL SOTOLAR CP 67850', 810000, NULL, 'HELF690816', 0, 'GALEANA', 'NUEVO LEON'),
(44, 'FATIMA MADAI NUNCIO GONZALEZ', 'JUAN IGNACIO RAMON # 310 COL. LAZARO CARDENAS CP 66068', 81, NULL, 'NUGF960528H64', 0, 'GRAL. ESCOBEDO', 'NUEVO LEON'),
(45, 'JOSE LUIS QUIROZ', 'BOLETA 526', 0, NULL, 'RFCJOSELUISQUIROZ', 0, 'SALTILLO', 'COAHUILA'),
(46, 'MARCOS SANCHEZ', 'BOLETA 540', 0, NULL, 'RFCMARCOSSANCHEZ', 0, 'SALTILLO', 'COAHUILA'),
(47, 'EDGAR ELOY OYERVIDES OVIEDO', 'MIGUEL HERNANDEZ #1484 COL. LA MADRID C.P. 25050', 0, NULL, 'OEOE8302248V3', 0, 'SALTILLO', 'COAHUILA'),
(48, 'TAYECO S.A. DE C.V.', 'LAZARO CARDENAS ORIENTE #2517 LOCAL 8 COL. RESIDENCIAL SAN AGUSTIN C.P. 66260', 844, NULL, 'TAY040928H80', 0, 'SAN PEDRO GARZA GARCIA', 'NUEVO LEON'),
(49, 'ECOFIBRAS PONDEROSA S.A. DE C.V.', 'LIBRAMIENTO A TEQUISQUIAPAN KM 4 ZONA INDUSTRIAL VALLE DE ORO C.P. 76803', 81, NULL, 'EPO960118TV7', 0, 'SAN JUAN  DEL RIO ', 'QUERETARO'),
(50, 'MARIA GUADALUPE DUARTE DE ALEJANDRO', 'PASEO SABINOS #119 COL. VILLAMAGNA C.P. 25900', 844, NULL, 'DUAG661204PT3', 0, 'RAMOS ARIZPE', 'COAHUILA'),
(51, 'PREP GRUPO INTEGRAL S.A. DE C.V.', 'PRIVADA DURANGO #540 COL. LOS TREVIÃ‘O C.P. 66150', 0, NULL, 'PGI1309266G0', 0, 'SANTA CATARINA', 'NUEVO LEON'),
(52, 'JIMENEZ BIENES RAICES S.A. DE C.V.', 'BLVD. FUNDADORES #4557 COL. VISTA HERMOSA C.P. 25010', 844, NULL, 'JBR9310201VA', 0, 'SALTILLO', 'COAHUILA'),
(53, 'FABRICACIONES Y MATERIALES ELIZONDO S.A. DE C.V.', 'AV. JUAREZ #22 COL. CENTRO C.P. 25870', 866, NULL, 'FME120221IB3', 0, 'CASTAÃ‘OS ', 'COAHUILA'),
(54, 'WINJET TRADING INC.', '15277 DON JULIAN ROAD', 1, NULL, 'XEXX010101000', 0, 'CITY OF INDUSTRY', 'CALIFORNIA'),
(55, 'ALFREDO MELHEM CANTU', 'CARRETERA A MATAMOROS KM 117.5 COL. 6 DE ENERO C.P. 88808', 899, NULL, 'MECA670606NS7', 0, 'RIO BRAVO ', 'TAMAULIPAS'),
(56, 'KARINA RODRIGUEZ CEPEDA', 'NIGROMANTE #753 COL. CENTRO C.P. 25000', 0, NULL, 'ROCK9510248Q4', 0, 'SALTILLO', 'COAHUILA'),
(57, 'COMERCIALIZADORA MITTEL S.A. DE C.V.', ' RAYMUNDO DEL BOSQUE # 793 - B COL. NAZARIO ORTIZ CP 25100', 844, NULL, 'CMI110114CA8', 0, 'SALTILLO', 'COAHUILA'),
(58, 'NATALIO HERNANDEZ TELLO ', 'CALLE ALEMANIA #22 A COL. AYUNTAMIENTO ', 4294967295, NULL, 'HETN690727', 1, 'ARTEAGA', 'COAHUILA'),
(59, 'EDGAR ALBERTO CANTU FLORES ', 'CALLE ARMENIA # 117 FRACC LOMAS DEL REFUGIO 25084', 4294967295, NULL, 'CAFE970213', 0, 'SALTILLO', 'COAHUILA'),
(60, 'VICTOR MANUEL TORRES RODRIGUEZ', 'RIO NAZAS #107 COL. NUEVO MISASIERRA 25017', 4294967295, NULL, 'TORV710902', 0, 'SALTILLO', 'COAHUILA'),
(61, 'GREEN CORP.', 'BLVD. COLOSIO NÂ°1858 COL. SAN PATRICIO CP 25204', 52, NULL, 'RFCGREEN', 30, 'SALTILLO', 'COAHUILA'),
(62, 'ALEJANDRO CARRANZA DE LA PEÃ‘A', 'C. LIC. BENITO JUAREZ 581 COL CENTRO CP 2500', 0, NULL, 'CAPA530707', 0, 'SALTILLO', 'COAHUILA'),
(63, 'TIRADERO MUNICIPAL ', 'CARRETERA TORREON S/N', 0, NULL, 'RFCBASURERO', 0, 'SALTILLO', 'COAHUILA'),
(65, 'JESUS MARQUEZ RODRIGUEZ', 'BLVD. VALDEZ SANCHEZ 504 ', 4294967295, NULL, 'MARJ000000', 0, 'ARTEAGA', 'COAHUILA'),
(66, 'TSM CONNECT S.A. DE C.V.', 'LIBRAMIENTO OSCAR FLORES TAPIA KM. 3.5 C.P. 25900', 4294967295, NULL, 'TCO101005HK3', 0, 'RAMOS ARIZPE', 'SALTILLO'),
(67, 'JULIO CESAR ALVAREZ DE LUNA', 'CUCULAN #800 COL. INFONAVIT LA JOYA 3ER SECTOR C.P. 67160', 0, NULL, 'AALJ710207MMA', 0, 'GUADALUPE ', 'NUEVO LEON'),
(68, 'JOSE MARIA ZUÃ‘IGA GONZALEZ', 'LOMA ALTA 253 COL. LOMA DE LOS NOGALES CP 25353', 0, NULL, 'ZUGM790504', 0, 'RAMOS ARIZPE', 'SALTILLO'),
(69, 'EDUARDO PALOMARES COVARRUBIAS', 'CALLE 1  COL. 4 DE OCTUBRE ', 84400000, NULL, 'PACE010101000', 0, 'ARTEAGA', 'SALTILLO'),
(70, 'GILBERTO ANGEL SENDEJO GUERRERO', 'C. FRANCISCO JAVIER MINA 320 COL. CENTRO 25900', 4294967295, NULL, 'SEGG880427', 8, 'RAMOS ARIZPE', 'COAHUILA'),
(71, 'DANIEL AGUILAR FLORES', 'CALLE NOGAL 55 PTE COL. LOS MONTES', 4294967295, NULL, 'AUFD550908CJ3', 0, 'SABINAS ', 'COAHUILA'),
(72, 'REYNOSA VIERA CARLOS ALBERTO ', 'MELACATEPETL SN LOC BELLA UNION 25360', 4294967295, NULL, 'REVC730605', 0, 'ARTEAGA ', 'COAHUILA'),
(73, 'FORTINO PEREZ GARCIA', 'VALLE VERDE # 116', 4294967295, NULL, 'PEGF66081579A', 0, 'SALTILLO', 'COAHUILA'),
(74, 'ANDRES JIMENEZ CHANTACA', 'C. ALEMANIA 11 COL AYUNTAMIENTO 25353', 4294967295, NULL, 'CAJA550618', 0, 'ARTEAGA ', 'COAHUILA'),
(75, 'JOSE ELEAZAR LEIJA RIVERA ', 'C. DE LOS ANHELOS #167 FRACC LA AMISTAD 25010', 4294967295, NULL, 'LERE701129', 0, 'SALTILLO', 'COAHUILA'),
(76, 'ERNESTO CORTEZ ALTAMIRANO', 'C. SANTA JUANA 210', 4355746, NULL, '0755021912649', 0, 'SALTILLO', 'COAHUILA'),
(77, 'FRANCISCO BATALLA BALTAZAR', 'C SANTA PATRICIA 321', 4294967295, NULL, 'BTBLFR63090430H100', 0, 'SALTILLO', 'COAHUILA'),
(78, 'LUIS ROBERTO CASTILLO VIELMA ', 'C. JALISCO #487 COL. CALIFORNIA ', 4294967295, NULL, 'CAVL730801', 0, 'CASTAÃ‘OS  ', 'COAHUILA'),
(79, 'MANUEL SILVA CEDILLO', 'PRIV RAMOS 666 COL LANDIN 25070', 2762161, NULL, 'CESM760228HCLDLN08', 0, 'SALTILLO', 'COAHUILA'),
(80, 'FRANCISCO ALVARADO CASTRO', 'CALLE ERNESTO VALDEZ 220 COL. 4 DE OCTUBRE', 0, NULL, 'AACF609176', 0, 'ARTEAGA', 'COAHUILA'),
(81, 'ROMAN GERARDO VALDES PLATA ', 'direccion C. JUAN LLAMAS 224 COL. LA PALMA ', 4294967295, NULL, 'VAPR690919', 0, 'SALTILLO', 'COAHUILA'),
(82, 'MIGUEL ANGEL FLORES VALDES', 'C GAVIOTAS 144 FRACC PORTAL DEL SUR', 2855012, NULL, 'FOVM790222', 0, 'SALTILLO', 'COAHUILA'),
(83, 'VICENTE CRUZ MARTINEZ', 'C NEVADO DE DOLIMA 140 LOC. BELLA UNION ', 0, NULL, 'MACV630507', 0, 'ARTEAGA', 'COAHUILA'),
(84, 'JOSE LUIS VALDES MORALES', 'BOULEVARD JOSE MUSA 845 COL. LOS PINOS', 4294967295, NULL, 'VAML65102', 0, 'SALTILLO', 'COAHUILA'),
(85, 'OPERACION SEGURA S.A. DE C.V.', 'LIBRAMIENTO OSCAR FLORES TAPIA 1102 COL. EL LLANO', 4897852, NULL, 'OSE000824KF4', 0, 'ARTEAGA', 'COAHUILA'),
(86, 'MARCO ANTONIO MONSIVAIS LARA', 'AV 36 120 COL. COLINAS DEL SUR', 0, NULL, 'MOLM730205', 0, 'SALTILLO', 'COAHUILA'),
(87, 'MARIO OLIVARES HERNANDEZ', '24 DE FEBRERO 945 COL. SAN RAMON', 4149275, NULL, 'OLHM', 0, 'SALTILLO', 'COAHUILA'),
(88, 'EDUARDO ANTONIO SALAZAR FLORES', 'C PITAYA 211', 4294967295, NULL, 'SLFLED680404', 0, 'SALTILLO', 'COAHUILA'),
(89, 'JOAQUIN RODRIGUEZ SANCHEZ', 'C SANTA TERESA 229', 0, NULL, 'ROSJ760320', 0, 'SALTILLO', 'COAHUILA'),
(90, 'JOSE CAMILO GUTIERREZ MARTINEZ', 'FRAI JUAN DE TERREROS COL. ZAPALINAME', 0, NULL, 'GUMC670825', 0, 'SALTILLO', 'COAHUILA'),
(91, 'GOBIERNO DEL ESTADO DE COAHUILA ', 'CASTELAR S/N 2500', 8444, NULL, 'GEC890714J68', 0, 'SALTILLO', 'COAHUILA'),
(92, 'JOSE LUIS ROMAN HERNANDEZ ', 'C SANTA MARTHA 146 COL. PARAJES DE SANTA ELENA ', 844, NULL, 'ROHL630619', 0, 'SALTILLO', 'COAHUILA'),
(93, 'JESUS USABEL AGUILAR RAMIREZ', 'LEONA VICARIO 170 COL NUEVA AURORA ', 844, NULL, 'AGRMJS770914', 0, 'SALTILLO', 'COAHUILA'),
(94, 'PALLET SYSTEMS, S.A. DE C.V.', 'FRIDA KAHLO # 195 NO. 804 INT. COL. VALLE ORIENTE', 811, NULL, 'PSY-110829-9KA', 0, 'SAN PEDRO  GARZA G', 'NUEVO LEON'),
(95, 'CESAR ARTURO CARREON BUSTAMANTE', '4 DE OCTUBRE 633 COL 4 DE OCTUBRE', 844444, NULL, 'BUCC750215', 0, 'SALTILLO', 'COAHUILA'),
(96, 'TRANSPORTE DE PERSONAL FED S.A. DE C.V.', 'AZCOLI 115 COL ROMA 2525', 4132290, NULL, 'TPF120821LH2', 0, 'SALTILLO', 'COAHUILA'),
(97, 'MARCO ANTONIO FUENTES ', 'NARANJO # 287  COL. DEL VALLE CP.25160', 4294967295, NULL, 'FULM6607213R2', 0, 'SALTILLO', 'COAHUILA'),
(98, 'ERIC ROCHA CANTU', 'C FRAY CRISTOBAL DE ESPINOZA #249', 844, NULL, 'ROCE771222', 0, 'SALTILLO', 'COAHUILA'),
(99, 'JUAN MANUEL ESPARZA ', 'PRIV LAS MARGARITAS L6 RINCON DE LOS PASTORES ', 4294967295, NULL, 'EARJ841123', 0, 'SALTILLO', 'COAHUILA'),
(100, 'MADERAS Y RECICLADOS GL, S.A. DE C.V ', 'CARRETERA A MONCLOVA S/N CP', 4294967295, NULL, 'MRI-131218-EN9', 0, 'EL CARMEN ', 'NUEVO LEON'),
(101, 'ABEL HERNANDEZ ESCALON', 'PRIVADA ESTRONCIO #125 COL. BONANZA', 844, NULL, 'RFCABEL ', 0, 'SALTILLO', 'COAHUILA'),
(102, 'ELI DANIEL QUIJANO ALVARADO', 'C. NAVA #2644 COL. REPUBLICA 25280', 844, NULL, 'QUAE910924', 0, 'SALTILLO', 'COAHUILA'),
(103, 'JESUS RUBEN CASAS ESQUIVEL', 'RIO GRIJALVA COL. FUNDADORES C.P.25015', 844, NULL, 'CAEJ880627', 0, 'SALTILLO', 'COAHUILA'),
(104, 'SALVADOR LOPEZ IPIÃ‘A', 'AV CENTRAL MZA 1 LT 19 COL. SAN JOSE ', 844, NULL, 'LOIS590805', 0, 'SALTILLO', 'COAHUILA'),
(105, 'OCTAVIANO GACRIA CHAVERO', 'C ACACIA 155 COL CIPRESES', 844, NULL, 'GACO661006', 0, 'SALTILLO', 'COAHUILA'),
(106, 'JUAN ROMAN SANCHEZ', 'C SIERRA ARMILLITA 704 COL. SIERRA BLANCA', 844, NULL, 'ROSJ681001', 0, 'SALTILLO', 'COAHUILA'),
(107, 'NADIA FLORES', 'C RAUL FLORES COL. LA CIENEGUITA', 844, NULL, 'RFCNADIA', 0, 'SALTILLO', 'COAHUILA'),
(108, 'RICARDO ARTURO MEZA JACOBO', 'COL. VIRREYES OBRERA ', 844, NULL, 'MEJR920402', 0, 'SALTILLO', 'COAHUILA'),
(109, 'ROBERTO ISACC JIMENEZ RAMOS', 'FRACC JARDINES DEL PLAZA ', 844, NULL, 'JIRR880815', 0, 'SALTILLO', 'COAHUILA'),
(110, 'JOSE ISABEL TORRES MATA', 'C SIN NOMRE SN  COL LA EFIGENIA ', 844, NULL, 'TRMTIS88120705', 0, 'ARTEAGA', 'COAHUILA'),
(111, 'JUAN ARTURO GUERRERO RUIZ', 'BLVD FUNDADORES ENTRE LERDO DE TEJADA Y SENTENARIO ', 844, NULL, 'RFC JAGR', 0, 'ARTEAGA', 'COAHUILA'),
(112, 'ROBERTO MALACARA SAUCEDO ', 'AV. CENTRAL #900 COL POSTAL CERRITOS', 844, NULL, 'MASR690606AN9', 0, 'SALTILLO', 'COAHUILA'),
(113, 'RAMIRO TREVIÃ‘O ', 'C ALBARDON 748 AMPL LA HERRADURA ', 844, NULL, 'TEDR670407', 0, 'SALTILLO', 'COAHUILA'),
(114, 'J.FRECK DE OCCIDENTE, S.A. DE C.V. ', 'CAMINO A LA PRESA NO. 7051 COL. LAS PINTAS ', 4294967295, NULL, 'JFO141218DQ6', 0, 'EL SALTO ', 'JALISCO '),
(115, 'INMOBILIARIA AREA CENTRAL', 'C. DE LO QUETZALES COL. COLINAS DE SAN JERONIMO', 8111, NULL, 'IAC160307', 0, 'MONTERREY', 'NUEVO LEON'),
(116, 'NORBERTO IRACHETA GAYTAN', 'C. REVOLUCION DE 1910 #232 COL. EMILIANO ZAPATA CP 25298', 0, NULL, 'IAGN710605', 0, 'SALTILLO', 'COAHUILA'),
(117, 'TOMAS RIVERA PILLADO ', 'C 20 DE NOVIEMBRE 119 BELLA UNION ', 844, NULL, 'PIRT751108', 0, 'ARTEAGA', 'COAHUILA'),
(118, 'GRUPO COMERCIAL Y REPARACIONDES DEL NORTE S.N.R. S.A DE C.V ', 'RUFINO TAMALLO 304 IN A ALPES NORTE CP. 25270', 4294967295, NULL, 'GCR1505073R3', 0, 'SALTILLO', 'COAHUILA'),
(119, 'CESAR LUIS RIOS PEREZ', 'C. MARIANO AZUELA 875 COL. SATELITE SUR 25113', 4294967295, NULL, 'RIPC910130268', 0, 'SALTILLO', 'COAHUILA'),
(120, 'FLORICELA BENITEZ MARTINEZ ', 'AUTOPISTA LOS CHORROS 123 FRACC LA NOGALERA ', 844, NULL, 'BEMF550215', 0, 'ARTEAGA', 'COAHUILA'),
(121, 'BRAYAN ALEXIS GARCIA SANCHEZ ', 'CALLE 12 NO. 2 COL 4 DE OCTUBRE ', 844, NULL, 'RFC BRAYAN ', 0, 'ARTEAGA', 'COAHUILA'),
(122, 'LINDOLFO ALVAREZ GONZALEZ', 'C GENESIS 288 COL EL SALVADOR ', 4294967295, NULL, 'AAGL880802', 0, 'SALTILLO', 'COAHUILA'),
(123, 'MIFUEL ANGUEL YAÃ‘ES HERNANDEZ ', 'SAN JUAN LIRIOS #381 COL. RDCIAL LAS MISIONES ', 844, NULL, 'HEYM771230', 0, 'SALTILLO', 'COAHUILA'),
(124, 'GERARDO CAZARES MOLINA ', 'BLVD EULALIO GUTIERREZ #1220', 844, NULL, 'RFC GERARDO CAZARES', 0, 'SALTILLO', 'COAHUILA'),
(125, 'TRINIDAD URESTI AREIN', 'OLIVO 3133 MODERNA ', 844, NULL, 'UEAT631128', 0, 'MONTERREY', 'NUEVO LEON'),
(126, 'ARMANDO HERRERA HERNANDEZ ', 'C EULALIO GUTIERREZ  1272 ZONA CENTRO ', 844, NULL, 'HEHA600611', 0, 'SALTILLO', 'COAHUILA'),
(127, 'JOSE LUIS GARCIA DE LA CRUZ ', 'C 52 #615 COL. MIGUEL HIDALGO ', 844, NULL, 'CUGL760319', 0, 'SALTILLO', 'COAHUILA'),
(128, 'PEDRO GONZALEZ', 'C TROPAS DEL NORTE MZA COL. TIERRA Y LIBERTAD ', 844, NULL, 'PEGJ960308', 0, 'SALTILLO', 'COAHUILA'),
(129, 'SALVADOR VILLASEÃ‘OR IMORMINO', 'CELESTITA 811 COL GUSTAVO DIAZ ORDAZ ', 8444, NULL, 'VIIS680731', 0, 'SALTILLO', 'COAHUILA'),
(130, 'JORGE ALEJANDRO SAUCEDO', 'EMILIANO ZAPATA 351 AMPL BUENOS AIRES ', 844, NULL, 'SACJ801027', 0, 'SALTILLO', 'COAHUILA'),
(131, 'LUIS ALEJANDRO AGUILAR AGUIRRE ', 'GENERAL LUIS GTZ #224 COL JADRIN ', 8444, NULL, 'AUAL8706167D5', 0, 'RAMOS ARIZPE', 'COAHUILA'),
(132, 'RODOLFO TORRES CUEVAS', 'PRIV 32 MZA 33 LT 5 AMPL VISTA HERMOSA ', 844, NULL, 'TOCR710830', 0, 'SALTILLO', 'COAHUILA'),
(133, 'DANIEL LOPEZ SANCHEZ ', 'CTO DE LA NUEZ 107  COL QUINTAS LOS NOGALES ', 844, NULL, 'LOSD921211', 0, 'TORREON', 'COAHUILA'),
(134, 'BRIGIDO GARCIA ALVIZO', 'C BENITO JUAREZ 209 COL ZONA CENTRO ', 0, NULL, 'AIGB651008', 0, 'ARTEAGA', 'COAHUILA'),
(135, 'HERSA FORES S.A. DE C.V ', 'PARQUE INDUSTRIAL EL CARMEN ', 0, NULL, 'RFCHERSAFORES', 0, 'MONTERREY', 'NUEVO LEON'),
(136, 'FRANCISCO JAVIER MEZA MARTINEZ', 'JESUS DAVILA SANCHEZ 205 COL. SAN ISIDRO  25350', 0, NULL, 'MAMF740313HCLR', 0, 'ARTEAGA', 'COAHUILA'),
(137, 'ALBERTO CHAVEZ RODRIGUEZ ', 'HEROICO COLEGIO MILITAR  2202 BELLAVISTA ', 0, NULL, 'CARA951006', 0, 'SALTILLO', 'COAHUILA'),
(138, 'DAVID RUIZ ACOSTA ', 'AV. SAN ANGEL 986 COL SAN ANGEL  CP. 25298', 0, NULL, 'RUAD560306', 0, 'SALTILLO', 'COAHUILA'),
(139, 'VICENTE ANTONIO VALDES RODRIGUEZ', 'C.IGNACIO ALLENDE 1110   COL. HACIENDA DEL REFUGIO  25354', 0, NULL, 'VARV620613', 0, 'ARTEAGA', 'COAHUILA'),
(140, 'JOSE SANTOS PEÃ‘A NIETO', 'C UNIVERSIDAD DE MEXICO 104 COL VILLA UNIVERSIDAD 25069', 0, NULL, 'PENS740228', 0, 'SALTILLO', 'COAHUILA'),
(141, 'CARLOS RODOLFO VALENZUELA ', 'AV. CENTRAL #859 COL. VISTA HERMOSA ', 844, NULL, 'VAVC791212', 0, 'SALTILLO', 'COAHUILA'),
(142, 'AVEL HERNANDEZ ESCALON ', 'ESTRONCIO 125 COL. BONANZA 25956', 0, NULL, 'HEEA570730', 0, 'SALTILLO', 'COAHUILA'),
(143, 'MARIA DEL ROSARIO FLORES CORONADO ', 'POLONIA 31 COL. AYUNTAMIENTO 25350 ', 0, NULL, 'FLCRRS54013', 0, 'ARTEAGA', 'COAHUILA'),
(144, 'PUBLICO EN GENERAL', 'SIN DIRECCION', 0, NULL, 'XAXX010101000', 0, 'SALTILLO', 'COAHUILA'),
(145, 'ROMEL SOLIS VALDES', 'C FLOR DE AZALEA 574 COL. VALLE DE LAS FLORES ', 0, NULL, 'VASR74154', 0, 'SALTILLO', 'COAHUILA'),
(146, 'GERARDO BENJAMIN PALACIOS RODRIGUEZ', 'CALLE 1 #1121', 0, NULL, 'GBPR130199', 0, 'SALTILLO', 'COAHUILA'),
(147, 'FRANCISCO JAVIER HERNANDEZ CERRITEÃ‘O ', 'C. SANTA MARTHA 236 COL. SANTA CRISTINA ', 0, NULL, 'HECF870423', 0, 'SALTILLO', 'COAHUILA'),
(148, 'JOSE LUIS DE LA PEÃ‘A GARCIA ', 'BUENOS AIRES  112 COL PRIVADA BUENOS AIRES ', 844, NULL, 'PEGRLS530660', 0, 'SALTILLO', 'COAHUILA'),
(149, 'SERGIO MIGUEL GONZALEZ SILVEYRA', 'C TEHUIXTLA # 362 RDCIAL SAN ALBERTO ', 844, NULL, 'SIGS860422', 0, 'SALTILLO', 'COAHUILA'),
(150, 'DEVNI FERNANDO QUINTERO HERNANDEZ ', 'C ALEMANIA 22 A COL. AYUNTAMIENTO ', 844, NULL, 'HEQD920516', 0, 'ARTEAGA', 'COAHUILA'),
(151, 'FRANCISCO MELO ', 'SAN JUAN VAQUERIA ', 4294967295, NULL, 'RFCFRANCISCO MELO ', 0, 'SALTILLO', 'COAHUILA'),
(152, 'JORGE ARMANDO BRIONES ', 'CUMBRES DE ZAPALINAME ', 844, NULL, 'RFCJORGEARMANDO ', 0, 'SALTILLO', 'COAHUILA'),
(153, 'GRUPO TERCIA S.A. DE C.V.', 'LIBRAMIENTO OSCAR FLORES TAPIA KM12 +992', 844, NULL, 'RFCGRUPOTERCIA', 0, 'ARTEAGA', 'COAHUILA'),
(154, 'RAMON GAMEZ GUTIERREZ', 'MARTIN LEZA # 118 INT A SAN ISIDRO ', 844, NULL, 'RFCRAMONGAMEZ', 0, 'ARTEAGA', 'COAHUILA'),
(155, 'JOSE ROBERTO MONTEMAYOR FERNANDEZ', 'FUNDADORES # 700 INT 18 LAS PRIVANZAS FUNDADORES ', 81, NULL, 'MOFR860701CZ4', 0, 'SAN PEDRO GARZA GARCIA', 'NUEVO LEON'),
(156, 'GONZALO DE JESUS REYES GONZALES', 'C RIO PANUCO 1961', 844, NULL, 'REGG770726', 0, 'SALTILLO', 'COAHUILA'),
(157, 'FRANCISCO RAUDEL RODRIGUEZ GOMEZ ', 'ROSAL # 1257SANTOS SAUCEDO ', 844, NULL, 'REGF880727', 0, 'RAMOS ARIZPE', 'COAHUILA'),
(158, 'PABLO HERNANDEZ MARTINEZ ', 'LA LABORCILLA S/N CONCEPCION DEL ORO ZAC. ', 8444, NULL, 'HEMP620705', 0, 'CONCEPCION DEL ORO', 'ZACATECAS'),
(159, 'MEXXON PRECISION ', 'AV. INDUSTRIA DE LA TRANSFORMACION #3175', 844, NULL, 'RFCMEXXON PRECISION', 0, 'RAMOS ARIZPE', 'COAHUILA'),
(160, 'IGNACIO CONTRERAS VASQUEZ', 'C SINCERIDAD 125 FRACC LA AMISTAD ', 844, NULL, 'COVI591208', 0, 'SALTILLO', 'COAHUILA'),
(161, 'UNIVERSAL WASTE S.A. DE C.V. ', 'FRIDA KAHLO NO. 195 INT 804 COL.  VALLE ORIENTE ', 811, NULL, 'UWA070220KI6', 0, 'SAN PEDRO GARZA GARCIA', 'NUEVO LEON'),
(162, 'FIDEL AGUIRRE RAMIREZ', 'C FRANSICO NARANJO 1403 COL CHAMIZAL ', 844, NULL, 'AURF720924', 0, 'SALTILLO', 'COAHUILA'),
(163, 'RAYMUNDO MORALES VALDES ', 'CARR ANTIGUA ARTEAGA KM 9 FRACC EL LLANO ', 844, NULL, 'MOVR770315', 0, 'SALTILLO', 'COAHUILA'),
(164, 'LUCIANO CISNEROS TORRES', '35 M LOMAS DE ZAPALINAME ', 8444, NULL, 'CITL690307', 0, 'SALTILLO', 'COAHUILA'),
(165, 'JOSE MORALES PLATA ', 'C 10 DE MAYO 607 COL CENTENARIO ', 844, NULL, 'MOPJ551127', 0, 'SALTILLO', 'COAHUILA'),
(166, 'ENRIQUE MEDINA ', 'IMPERIO MONGOL 2142 COL PUERTA DEL ORIENTE ', 0, NULL, 'ECE780820', 0, 'SALTILLO', 'COAHUILA'),
(167, 'BRANDON ERUBIEL CRUZ GONZALEZ ', 'C OSO PARDO 180 COL. NVO MIRASIERRA 111 ', 844, NULL, 'CUGB970920', 0, 'SALTILLO', 'COAHUILA'),
(168, 'NAYSA ARISBEL CALVILLO LOPEZ', 'COLONIA LINDA VISTA 3475', 0, NULL, 'LOCN9307', 0, 'SALTILLO', 'COAHUILA'),
(169, 'LEOPOLDO GUZMAN ', 'LOC SAN JUAN DE LOS DOLORES', 0, NULL, 'GULL640410', 0, 'SALTILLO', 'COAHUILA'),
(170, 'VICTOR MARCOS GARCIA RODRIGUEZ', 'COLIO. SAN ANGEL GENARO 102', 0, NULL, 'GARV8211', 0, 'SALTILLO', 'COAHUILA'),
(171, 'PROTECCION CIVIL', 'JUAN RAMON JIMENES', 0, NULL, 'MATEI189409', 0, 'SALTILLO', 'COAHUILA'),
(172, 'ISIDRO GONZALEZ', 'COL. BONANZA ', 4294967295, NULL, 'CAGM590514', 0, 'SALTILLO', 'COAHUILA'),
(173, 'ALFONSO ANGEL', 'C. ALAMEDA 10', 0, NULL, 'VAV610802', 0, 'SALTILLO', 'COAHUILA'),
(174, 'PROTECCION CIVIL', 'NIGROMANTE SUR', 0, NULL, 'PREOVVS', 0, 'SALTILLO', 'COAHUILA'),
(175, 'GABRIEL DE LA ROSA', 'C. NICEFORO RODRIGUEZ ', 4294967295, NULL, 'GORG680324', 0, 'SALTILLO', 'COAHUILA'),
(176, 'DANIEL AGUILAR', 'COL. PROVIVIENDA', 4816565, NULL, 'ROCL73011', 0, 'SALTILLO', 'COAHUILA'),
(177, 'GUILLERMO LOPEZ', 'HUMBERTO GONZALES AMP. MORELOS', 1658778, NULL, 'LORG770721', 0, 'SALTILLO', 'COAHUILA'),
(178, 'DAVID VALDES', 'CONOCIDO', 0, NULL, 'MATI941815', 0, 'SALTILLO', 'COAHUILA'),
(179, 'OSCAR GAYTAN', 'FRACCIONAMIENTO ZARAGOZA', 17958236, NULL, 'GAOO70406', 0, 'SALTILLO', 'COAHUILA'),
(180, 'JOSE NUNCIO', 'LIBRAMIENTO', 0, NULL, 'JOSE15468512', 0, 'ARTEAGA', 'COAHUILA'),
(181, 'JOSE NUNCIO', 'LIBRAMIENTO 1185', 4857896, NULL, 'JO158SE6789', 0, 'SALTILLO', 'COAHUILA'),
(182, 'OSVALDO MENDOZA', 'AMPL. HERRADURA', 0, NULL, 'MEGO911125', 0, 'SALTILLO', 'COAHUILA'),
(183, 'LUIS DAVILA', 'FRACC. BRISAS', 0, NULL, 'CADL720422', 0, 'SALTILLO', 'COAHUILA'),
(184, 'LARA ANTONIO', 'C. PRESIDENTE CARDENAS', 0, NULL, 'SOLM6362', 0, 'SALTILLO', 'COAHUILA'),
(185, 'GERARDO HERRERA', 'PRESIDENTE CARDENAS ', 0, NULL, 'HEHG7810', 0, 'GALEANA', 'NUEVO LEON'),
(186, 'RAMON SALAZAR', 'C. MARIO EULALIO GUTIERREZ', 0, NULL, 'POSR631011', 0, 'SALTILLO', 'COAHUILA'),
(187, 'ROBERTO MONCADA', 'C. JUAN TOVAR 25010', 0, NULL, 'SAMR680607', 0, 'SALTILLO', 'COAHUILA'),
(188, 'FRANCISCO AGUILAR', 'COL. UNIVERSO VIRGO', 0, NULL, 'MEAF920812', 0, 'SALTILLO', 'COAHUILA'),
(189, 'CESAR PERALTA', 'COL. BALCONES DE MORELOS', 0, NULL, 'FAPCP751122', 0, 'SALTILLO', 'COAHUILA'),
(190, 'ARTURO ESPARZA', 'COL. LANDIN 25070', 0, NULL, 'MOEA650304HCL', 0, 'SALTILLO', 'COAHUILA'),
(191, 'JESUS ALEJANDRO  PEÃ‘A', 'PORTAL DE SAN JUAN', 0, NULL, 'ROPJ810628', 0, 'RAMOS ARIZPE', 'COAHUILA'),
(192, 'GENARO SANCHEZ', 'C. MEXICO 1530', 0, NULL, 'JASG710919', 0, 'SALTILLO', 'COAHUILA'),
(193, 'EFRAIN RUIZ', 'FRACC. LOMA LINDA', 0, NULL, 'IARE871002', 0, 'SALTILLO', 'COAHUILA'),
(194, 'FRANCISCO CHAVEZ', 'MARIO LOPEZ PORTILLO ', 0, NULL, 'FUCF771016', 0, 'SALTILLO', 'COAHUILA'),
(195, 'EUSEBIO ARMENDARIZ', 'C. EL MAZO 218', 0, NULL, 'DIAE450305', 0, 'SALTILLO', 'COAHUILA'),
(196, 'JONATHAN ANDRES', 'BLVD. CENTENARIO DE TORREON', 0, NULL, 'GORJ960306', 0, 'SALTILLO', 'COAHUILA'),
(197, 'ANDRES RODRIGUEZ', 'BLVD. CENTENARIO', 0, NULL, 'GORJ78945', 0, 'SALTILLO', 'COAHUILA'),
(198, 'GERARDO NAVARRO', 'MIRASIERRA 1061', 0, NULL, 'NAMG800306', 0, 'SALTILLO', 'COAHUILA'),
(199, 'LORENZO MORALES', 'LUIS DONALDO COLOSIO', 0, NULL, 'MOCL978521', 0, 'ARTEAGA', 'COAHUILA'),
(200, 'PISOS COLONIALES DE MEXICO', 'MARIANO MATAMOROS NORTE #1523', 0, NULL, 'PCM780908QQ3', 0, 'SALTILLO', 'COAHUILA'),
(201, 'LEOPOLDO BAZALDUA', 'BLVD. MISION SANTA LUCIA 1295', 0, NULL, 'ROBL75011', 0, 'SALTILLO', 'COAHUILA'),
(202, 'OMAR GRANADOS', 'COL. ESTRELLA DE DAVID', 0, NULL, 'SAGO811217', 0, 'SALTILLO', 'COAHUILA'),
(203, 'ANTONIO VALDES', 'C. PASEO DE LOS LOBOS', 0, NULL, 'VAVP45789', 0, 'SALTILLO', 'COAHUILA'),
(204, 'CARMEN REYNA', 'PRIV. FRANCISCO NARRO', 0, NULL, 'GORE71110', 0, 'SALTILLO', 'COAHUILA'),
(205, 'MARCO GUERRA', 'LIBRAMIENTO OSCAR', 0, NULL, 'MAMG78520', 0, 'SALTILLO', 'COAHUILA'),
(206, 'ALBERTO OLIVARES', 'C. CUAHUTEMOC ', 0, NULL, 'REOC700', 0, 'SALTILLO', 'COAHUILA'),
(207, 'ABEL GONZALEZ', 'C. VICTORIANO ZAMARRON', 0, NULL, 'DIGA640402', 0, 'SALTILLO', 'COAHUILA'),
(208, 'MANUEL GONGORA', 'C. ARROYO DE LA VIRGEN', 0, NULL, 'GNURMN741021', 0, 'RAMOS ARIZPE', 'COAHUILA'),
(209, 'ALONSO MELENDREZ', 'C. LA MADRID 1974', 0, NULL, 'AAMA561111', 0, 'SALTILLO', 'COAHUILA'),
(210, 'RAMON DIAZ', 'PRIV ANASTASIO', 0, NULL, 'CADR941104', 0, 'SALTILLO', 'COAHUILA'),
(211, 'ALEJANDRO AYALA', 'C. CARLOS SALAZAR 1096', 0, NULL, 'JAAG570822', 0, 'SALTILLO', 'COAHUILA'),
(212, 'JUAN AGUILLON', 'C TERCERA 2386 COL. ISSTE', 0, NULL, 'AUHJ741127', 0, 'SALTILLO', 'COAHUILA'),
(213, 'RICARDO SANCHEZ', 'PASEO DE LOS ALELIES 186', 0, NULL, 'MESR610226', 0, 'SALTILLO', 'COAHUILA'),
(214, 'MARIO MARTINEZ', 'SANTA GERTUDRIZ 743', 0, NULL, 'MAML671904', 0, 'SALTILLO', 'COAHUILA'),
(215, 'ALJANDRO PEREZ', 'AV CERRO DE LA SILLA ', 0, NULL, 'PEGO890629HNL', 0, 'GUADALUPE ', 'NUEVO LEON'),
(216, 'GRUPO LARO TARIMAS Y RECICLADOS SA DE CV', 'CALLE NOGALES NÂ°82 FRACC. TORREMOLINOS ', 0, NULL, 'GLT1510109FT', 0, 'RAMOS ARIZPE', 'COAHUILA'),
(217, 'RAMON DELGADILLO', 'C SAN SEBASTIAN DE APARICIO 1225', 0, NULL, 'DERJ951002HCL', 0, 'SALTILLO', 'COAHUILA'),
(218, 'ELISEO NIETO', 'C.IGNACIO ALTAMIRANO 546', 0, NULL, 'CANE601214', 0, 'SALTILLO', 'COAHUILA'),
(219, 'MARIA VARGAS', 'GENERAL ALVARO OBREGON 776', 0, NULL, 'ZAVF930316', 0, 'SALTILLO', 'COAHUILA'),
(220, 'ENRIQUE MUÃ‘IZ', 'C GUIULLERMO PRIETO 440', 0, NULL, 'MULJ810812', 0, 'SALTILLO', 'COAHUILA'),
(221, 'ERNESTINA VALDES', '1127 DONALDO COLOSIO ', 0, NULL, 'VAFE461228MNL', 0, 'ARTEAGA', 'COAHUILA'),
(222, 'JOSE LUIS IBARRA', 'PINAVENTE 524 NUEVA IMAGEN', 0, NULL, 'IARL841104', 0, 'SALTILLO', 'COAHUILA'),
(223, 'MIGUEL ANGEL PALMA', 'JARDINES DEL SUR', 0, NULL, 'PAPM710626', 0, 'SALTILLO', 'COAHUILA'),
(224, 'MIGUEL TORRES', 'FRACC MIRASIERRA 25016', 0, NULL, 'CATM81106HCL', 0, 'SALTILLO', 'COAHUILA'),
(225, 'GALVAN MALDONADO', 'PORTAL DE ARAGON', 0, NULL, 'GAMF611013', 0, 'SALTILLO', 'COAHUILA'),
(226, 'CAROLINA RAMIREZ', 'C LOS CEDROS 345', 0, NULL, 'RAOC710523', 0, 'SALTILLO', 'COAHUILA'),
(227, 'JOSE RAUL', 'COL ZARAGOZA 3099', 0, NULL, 'TEAR920218', 0, 'SALTILLO', 'COAHUILA'),
(228, 'CARLOS SALAZAR', 'C COEONA PONIENTE 541', 0, NULL, 'SABJ720812', 0, 'SALTILLO', 'COAHUILA'),
(229, 'MIGUEL ANGEL RAMOS', 'ANDROMEDA 258', 0, NULL, 'RAAM521002', 0, 'SALTILLO', 'COAHUILA'),
(230, 'DANIEL RODRIGUEZ', 'direccion COL. CIUDADELA JESUS GALINDO 305', 0, NULL, 'DNJG940875', 0, 'SALTILLO', 'COAHUILA'),
(231, 'FRANCISCO LEIJA', 'TEATRO DE LA CIUDAD', 0, NULL, 'MELF960701', 0, 'SALTILLO', 'COAHUILA'),
(232, 'JOSE QUINTERO', 'COL. NUEVA AURORA 196', 0, NULL, 'QNFRED77061205', 0, 'SALTILLO', 'COAHUILA'),
(233, 'ALBERTO ALVAREZ', 'C SAN PEDRO 151 COL EL SALVADOR', 0, NULL, 'ZUAM910120', 0, 'SALTILLO', 'COAHUILA'),
(234, 'JESUS PEÃ‘A GALLEJOS', 'JUAN ESCUTIA LTE.4', 0, NULL, 'PEGJ770306HD1', 0, 'RAMOS ARIZPE', 'COAHUILA'),
(235, 'OSBALDO DAVILA', 'C HIDALGO S/N', 0, NULL, 'MADO760527', 0, 'SALTILLO', 'COAHUILA'),
(236, 'FERNANDO RODRIGUEZ', 'C. SAN NATALIO 430', 0, NULL, 'FRMRD18091990', 0, 'SALTILLO', 'COAHUILA'),
(237, 'NEMESIO GONZALES SOLIS', 'SALVADOR VILLAREAL 5106 VALLE VERDE', 4294967295, NULL, 'GOSN740914AM8', 0, 'MONTERREY', 'NUEVO LEON'),
(238, 'FERNANDO GUERRERO', 'FRACC. BALCONES DE SANTA ROSA ', 0, NULL, 'MOGF710816', 0, 'APODACA', 'NUEVO LEON'),
(239, 'MARTIN GARCIA', 'COL GASPAR VALDEZ 25016', 0, NULL, 'SGGRMR731128', 0, 'SALTILLO', 'COAHUILA'),
(240, 'RAFAEL FLORES', 'C PINOS 371', 0, NULL, 'MAFR680508', 0, 'SALTILLO', 'COAHUILA'),
(241, 'CAROLINA RAMIREZ', 'C LOS CEDROS 345 Z. CENTRO', 0, NULL, 'RAOC710523', 0, 'SALTILLO', 'COAHUILA'),
(242, 'JAVIER VALDEZ', 'C CALABACILLA 182', 0, NULL, 'CEVF830523', 0, 'SALTILLO', 'COAHUILA'),
(243, 'ROBERTO MANZANARES', 'SANTA ROSALIA 2801 AMPL. MORELOS', 0, NULL, 'MAPR770629', 0, 'SALTILLO', 'COAHUILA'),
(244, 'CRISTOBAL GARCIA', 'C JOACHIN DE VELASCO 321', 0, NULL, 'GARC621029', 0, 'SALTILLO', 'COAHUILA'),
(245, 'ANTONIO DIAZ', 'C AGAPITO RODRIGUEZ 350', 0, NULL, 'DZALJN8407110', 0, 'SALTILLO', 'COAHUILA'),
(246, 'RODRIGO MORALES', 'MIRASIERRA 1583 CALLE 9', 0, NULL, 'GAMR850313', 0, 'SALTILLO', 'COAHUILA'),
(247, 'GLOBA PLAST DE MEXICO, S. DE R. L. DE C. V.', 'HERMANOS FLORES MAGON #2135 COL. VENUSTIANO CARRANZA C. P. 64530', 4294967295, NULL, 'GPM101222P73', 0, 'MONTERREY', 'NUEVO LEON'),
(248, 'JUAN ALVARADO', 'C SANTA JULIA 120', 0, NULL, 'SRALJN7105', 0, 'SALTILLO', 'COAHUILA'),
(249, 'JUAN SORIANO', 'C SANTA JULIA 120', 0, NULL, 'SRALN71051805', 0, 'SALTILLO', 'COAHUILA'),
(250, 'JUAN SORIANO', 'C SANTA JULIA 120 FRACC SANTA CRISTINA', 0, NULL, 'SRALJN71051805', 0, 'SALTILLO', 'COAHUILA'),
(251, 'JOSE JUAN ALVARADO', 'C SANTA JULIA 120', 0, NULL, 'MATI9408173E1', 0, 'SALTILLO', 'COAHUILA'),
(252, 'JOSE ROBERTO MONTEMAYOR', 'FUNDADORES 700 LAS PRIVANZAS SAN PEDRO GARZA GARCIA', 4294967295, NULL, 'MOFR860701CZ4', 0, 'MONTERREY', 'NUEVO LEON'),
(253, 'NESTOR JUAREZ', 'C PURCECL SN ', 0, NULL, 'JUGN960717', 0, 'SALTILLO', 'COAHUILA'),
(254, 'JOSE CERDA', 'C DIONICIO SANCHEZ 699 ', 0, NULL, 'TECA5811120H', 0, 'SALTILLO', 'COAHUILA'),
(255, 'MARIA RINCON', '4 DE OCTUBRE', 0, NULL, 'MARC795281CH', 0, 'ARTEAGA', 'COAHUILA'),
(256, 'CARLOS OMAR CERDA', 'C ANTONIO DIAZ SOTO', 0, NULL, 'UICC840508', 0, 'SALTILLO', 'COAHUILA'),
(257, 'RAQUEL HURTADO GLZ', 'MARTHA ZULAICA GARZA 617', 4294967295, NULL, 'HUGR800427RX7', 0, 'RAMOS ARIZPE', 'COAHUILA'),
(258, 'ALBERTO TRUJILLO', 'C TOMAS DE LA HUERTA 321 FRACC. FRAY ANTONIO DE SAN MIGUEL ', 0, NULL, 'RATJ731003', 0, 'MORELIA', 'MICHOACAN'),
(259, 'AARON ABRAHAM LOPEZ', 'C CATALINA LOPEZ GARCIA', 0, NULL, 'MXLA750106', 0, 'SALTILLO', 'COAHUILA'),
(260, 'JUAN CARLOS DAVILA', 'C MOCTEZUMA 833', 0, NULL, 'AADJ770524HCL', 0, 'SALTILLO', 'COAHUILA'),
(261, 'ERIC ALEJO MARTINEZ', 'JARDIN DE LOS NARANJOS 121', 0, NULL, 'MALE950627', 0, 'SALTILLO', 'COAHUILA'),
(262, 'RUBEN PAZ', 'C RIOS 269 FRACC. NUEVO MIRASIERRA 25016', 0, NULL, 'ROPR820210', 0, 'SALTILLO', 'COAHUILA'),
(263, 'EVERARDO RODRIGUEZ AVILA', 'C CRISANTEMO 464', 0, NULL, 'AIRE521003', 0, 'SALTILLO', 'COAHUILA'),
(264, 'JOSE VILLEGAS', 'MONTEVIDEO 645 ', 0, NULL, 'VIRJ891012', 0, 'NUEVO SAN ISIDRO ', 'TORREON'),
(265, 'LUIS ALBERTO JIMENEZ', 'C OTILIO ZURDO 165', 0, NULL, 'JISL780618HCL', 0, 'SALTILLO', 'COAHUILA'),
(266, 'HERNAN PEREZ', 'COL 4 ', 0, NULL, 'PEDR960617', 0, 'ARTEAGA', 'COAHUILA'),
(267, 'SQUAREX INC', '7056 ARCHIBALD AVE, SUITE 102 #453 ', 0, NULL, 'XEXX-010101-000', 0, 'CORONA', 'CALIFORNIA'),
(268, 'GREENWAY INDUSTRIES INC', '7056 ARCHIBALD AVE. SUITE 102 #453', 0, NULL, 'XEXX-010101-000', 0, 'CORONA', 'CALIFORNIA'),
(269, 'GREENWAY INDUSTRIE INC', '7056 ARCHIBALD AVE', 0, NULL, 'XEXX-010101-0000', 0, 'CORONA', 'CALIFORNIA'),
(270, 'JAIME GUTIERREZ', 'C VALLE DE LA CAÃ‘ADA 517', 0, NULL, 'ROGJ650103', 0, 'SALTILLO', 'COAHUILA'),
(271, 'ANTONIO CEDILLO', 'C GUELATAO 878', 0, NULL, 'CEHA671230H', 0, 'SALTILLO', 'COAHUILA'),
(272, 'JOSE ROBERTO ZUÃ‘IGA', 'C ACUILOTITLA 39', 0, NULL, 'MNZGRB7700', 0, 'DF', 'DF'),
(273, 'JUAN PEDRO ZAVALA', 'C ESTRELLA POLAR 167', 0, NULL, 'ZVGRJN8006', 0, 'SALTILLO', 'COAHUILA'),
(274, 'SERGIO ROCHA ZAPATA', 'SANTA EVA 140 COL.SANTA CRISTINA 25298', 0, NULL, 'ZARS821009HNLPCR03', 0, 'SALTILLO', 'COAHUILA'),
(275, 'JOSE FERNANDO LOPEZ', 'COLONIA ESTRELLA DE DAVID ', 0, NULL, 'LORJF850319HCL', 0, 'ARTEAGA', 'COAHUILA'),
(276, 'LUIS ENRIQUE MIRELES', 'C SALTILLO 139 FRACC NUEVA MIRASIERRA 25016', 0, NULL, 'MIGL860603HCL', 0, 'SALTILLO', 'COAHUILA'),
(277, 'JUAN PABLO RAMON', 'C SAN SEBASTIAN DE APARICIO 1225', 0, NULL, 'DERJ951002', 0, 'MONCLOVA', 'COAHUILA'),
(278, 'FRANCISCO AYALA', 'PRIVADA 136 MIRASIERRA', 0, NULL, 'ZAAF711003', 0, 'SALTILLO', 'COAHUILA'),
(279, 'CARLOS MEDILLIN REYES', 'COL ZARAGOZA 66 EL SALVADOR 98290', 0, NULL, 'REMF990616', 0, 'SALTILLO', 'COAHUILA'),
(280, 'FRANCISCO JAVIER HERNANDEZ', 'LEOPOLDO 457 FUNDADORES', 0, NULL, 'HECF870423', 0, 'SALTILLO', 'COAHUILA'),
(281, 'FRANCISCO HERNANDEZ', 'COL FUNDADORES', 0, NULL, 'HECF870423HCLRR', 0, 'SALTILLO', 'COAHUILA'),
(282, 'OSCAR GONZALEZ MENDOZA', 'FRANCISCO TLALIMZA 1 LT 6 NUEVA TLAXCALA', 0, NULL, 'GOMO630328H', 0, 'SALTILLO', 'COAHUILA'),
(283, 'HUMBERTO FIGUEROA HIGAREDA', 'BLVD. FUNDADORES #9 COL CENTRO ARTEAGA COAHUILA', 4831001, NULL, 'FIHH840919T34', 0, 'ARTEAGA', 'COAHUILA'),
(284, 'JOSE LUIS GARCIA NARRO', 'C PASEO LAS LOMAS 454 FRACC. RESIDENCIAL SAN PAT ', 0, NULL, 'NAGL530418HCLRRS05', 0, 'SALTILLO', 'COAHUILA'),
(285, 'TARIMAS INDUSTRIALES JVA', 'BLVD. CENTRO DE CONVENCIONES 184', 4294967295, NULL, 'TIJ140904NBA', 0, 'SALTILLO', 'COAHUILA'),
(286, 'JORGE EDUARDO MONTELONGO SAUCEDO', 'JORGE GARCIA VILLAREAL 390 COL EL BALUARTE', 4294967295, NULL, 'MOSJ890705VB5', 0, 'SALTILLO', 'COAHUILA'),
(287, 'GERARDO ORTA JAQUEZ', 'C LA MADRID JUAN RAMON ', 0, NULL, 'OAJG670923', 0, 'SALTILLO', 'COAHUILA'),
(288, 'RECUPERADORA DE CHATARRA SALTILLO S.A DE C.V.', 'PROLONGACION CALLE 3 435 NAZARIO ORTIZ GARZA ', 52, NULL, 'rcs0704134ws', 8, 'SALTILLO', 'COAHUILA'),
(289, 'JUAN ALONSO RODRIGUEZ.', 'SAN ANTONIA DE LAS A', 0, NULL, 'AORJ690623', 0, 'ARTEAGA', 'COAHUILA');

-- --------------------------------------------------------

--
-- Estructura de tabla para la tabla `compras`
--

CREATE TABLE `compras` (
  `id_compras` int(10) UNSIGNED NOT NULL,
  `producto_id_producto` int(10) UNSIGNED NOT NULL,
  `peso` double DEFAULT NULL
) ENGINE=InnoDB DEFAULT CHARSET=latin1;

-- --------------------------------------------------------

--
-- Estructura de tabla para la tabla `departamento`
--

CREATE TABLE `departamento` (
  `id_departamento` int(10) UNSIGNED NOT NULL,
  `nomDep` varchar(100) NOT NULL
) ENGINE=InnoDB DEFAULT CHARSET=latin1;

--
-- Volcado de datos para la tabla `departamento`
--

INSERT INTO `departamento` (`id_departamento`, `nomDep`) VALUES
(2, 'Daimler'),
(3, 'Nomina'),
(4, 'Logistica'),
(5, 'Facturación'),
(6, 'Herreria'),
(7, 'Patio'),
(8, 'Carton'),
(9, 'Productos de Limpieza'),
(10, 'Gerencia'),
(11, 'Bascula');

-- --------------------------------------------------------

--
-- Estructura de tabla para la tabla `empleado`
--

CREATE TABLE `empleado` (
  `idEmpleado` int(11) NOT NULL,
  `numEmpleado` varchar(50) DEFAULT NULL,
  `nomEmpleado` varchar(100) DEFAULT NULL,
  `apellidoPat` varchar(100) DEFAULT NULL,
  `apellidoMat` varchar(100) DEFAULT NULL,
  `departamento` varchar(100) DEFAULT NULL,
  `direccion` varchar(200) DEFAULT NULL,
  `telefono` int(11) DEFAULT NULL,
  `email` varchar(200) DEFAULT NULL
) ENGINE=InnoDB DEFAULT CHARSET=latin1;

-- --------------------------------------------------------

--
-- Estructura de tabla para la tabla `familia`
--

CREATE TABLE `familia` (
  `idFamilia` int(11) NOT NULL,
  `nomFam` varchar(200) NOT NULL,
  `descFam` varchar(200) DEFAULT NULL
) ENGINE=InnoDB DEFAULT CHARSET=latin1;

--
-- Volcado de datos para la tabla `familia`
--

INSERT INTO `familia` (`idFamilia`, `nomFam`, `descFam`) VALUES
(45, 'Recortes de Madera', NULL),
(46, 'Madera', NULL),
(47, 'Plastico', NULL),
(48, 'Carton', NULL),
(49, 'Metales no Ferrosos', NULL);

-- --------------------------------------------------------

--
-- Estructura de tabla para la tabla `gastos`
--

CREATE TABLE `gastos` (
  `id_gastos` int(10) UNSIGNED NOT NULL,
  `departamento_id_departamento` int(10) UNSIGNED NOT NULL,
  `concepto` varchar(100) DEFAULT NULL,
  `fecha` date DEFAULT NULL,
  `cantidad` double DEFAULT NULL,
  `solicita` varchar(100) DEFAULT NULL,
  `requiere` varchar(100) DEFAULT NULL,
  `idRubro` int(11) DEFAULT NULL,
  `unidadMedida` int(11) DEFAULT NULL,
  `precioUnitario` double DEFAULT NULL,
  `iva` int(11) NOT NULL DEFAULT '0',
  `status` int(11) NOT NULL DEFAULT '0'
) ENGINE=InnoDB DEFAULT CHARSET=latin1;

--
-- Volcado de datos para la tabla `gastos`
--

INSERT INTO `gastos` (`id_gastos`, `departamento_id_departamento`, `concepto`, `fecha`, `cantidad`, `solicita`, `requiere`, `idRubro`, `unidadMedida`, `precioUnitario`, `iva`, `status`) VALUES
(3, 6, 'MASA PARA REMOLQUE ', '2018-05-03', 1, 'MARTIN LIRA ', 'REMOLQUE 17 ', 13, 1, 750, 0, 0),
(4, 6, 'LLANTA 715 ', '2018-05-03', 2, 'MARTIN LIRA ', 'REMOLQUE 17 Y REMOLQUE 33', 15, 1, 750, 0, 1),
(5, 6, 'MASAS PARA REMOLQUE (TRANSFERENCIA) ', '2018-05-03', 2, 'MARTIN LIRA ', 'REMOLQUE 17 Y REMOLQUE 33', 14, 1, 950, 1, 0),
(6, 6, 'RIN 715 ', '2018-05-03', 1, 'MARTIN LIRA ', 'REMOLQUE 17 ', 13, 1, 950, 0, 1),
(7, 4, 'TALACHA ', '2018-05-03', 1, 'MARTIN LIRA ', 'REMOLQUE 17 ', 18, 1, 80, 0, 1),
(8, 4, 'TALACHA ', '2018-05-03', 1, 'MARTIN LIRA ', 'REMOLQUE 33', 18, 1, 80, 0, 1),
(9, 4, 'TALACHA ', '2018-05-03', 1, 'MARTIN LIRA ', 'REMOLQUE 33', 0, 1, 80, 0, 0),
(10, 3, 'LIQUIDACION FINIQUITO', '2018-05-03', 0, 'MARGARITA CASTILLO', 'NOMINA', 8, 1, 0, 0, 0),
(11, 3, 'LIQUIDACION FINIQUITO', '2018-05-03', 0, 'MARGARITA CASTILLO', 'NOMINA', 0, 1, 0, 0, 0),
(12, 3, 'LIQUIDACION FINIQUITO', '2018-05-03', 1264.92, 'MARGARITA CASTILLO', 'NOMINA', 8, 1, 1264.92, 0, 0);

-- --------------------------------------------------------

--
-- Estructura de tabla para la tabla `ingresos`
--

CREATE TABLE `ingresos` (
  `idIngresos` int(11) NOT NULL,
  `quien` varchar(100) COLLATE utf8_bin NOT NULL,
  `cuando` date NOT NULL,
  `porque` varchar(100) COLLATE utf8_bin DEFAULT NULL,
  `recibe` int(11) DEFAULT NULL,
  `cuanto` double NOT NULL,
  `status` int(11) NOT NULL DEFAULT '0'
) ENGINE=InnoDB DEFAULT CHARSET=utf8 COLLATE=utf8_bin;

--
-- Volcado de datos para la tabla `ingresos`
--

INSERT INTO `ingresos` (`idIngresos`, `quien`, `cuando`, `porque`, `recibe`, `cuanto`, `status`) VALUES
(1, 'victor', '2018-04-30', 'limpieza y material', NULL, 1000, 0);

-- --------------------------------------------------------

--
-- Estructura de tabla para la tabla `listacompra`
--

CREATE TABLE `listacompra` (
  `idListaCompra` int(11) NOT NULL,
  `idProveedor` int(11) DEFAULT NULL,
  `idUnidad` varchar(100) DEFAULT NULL,
  `idProducto` int(11) DEFAULT NULL,
  `contenedor` varchar(100) DEFAULT NULL,
  `chofer` varchar(100) DEFAULT NULL,
  `placas` varchar(100) DEFAULT NULL,
  `manifiesto` varchar(100) DEFAULT NULL,
  `fechaEntrada` date DEFAULT NULL,
  `fechaSalida` date DEFAULT NULL,
  `gross` double DEFAULT NULL,
  `tare` double DEFAULT NULL,
  `neto` double DEFAULT NULL,
  `totalPagar` double DEFAULT NULL,
  `iva` int(11) NOT NULL DEFAULT '0',
  `metodo` varchar(50) DEFAULT NULL,
  `status` int(11) NOT NULL DEFAULT '0'
) ENGINE=InnoDB DEFAULT CHARSET=latin1;

--
-- Volcado de datos para la tabla `listacompra`
--

INSERT INTO `listacompra` (`idListaCompra`, `idProveedor`, `idUnidad`, `idProducto`, `contenedor`, `chofer`, `placas`, `manifiesto`, `fechaEntrada`, `fechaSalida`, `gross`, `tare`, `neto`, `totalPagar`, `iva`, `metodo`, `status`) VALUES
(13, 73, '5', 99, '11', 'ENRIQUE MEDINA', 'EX43440', '5199', '2018-05-01', '2018-05-01', 3340, 1460, 1880, 3478, 1, 'CREDITO 8', 0),
(14, 73, '5', 99, '13', 'DARIO BERNAL', 'EX43430', '5200', '2018-05-01', '2018-05-01', 3740, 1970, 1770, 3274.5, 1, 'CREDITO 8', 0),
(15, 6, '13', 94, '41', 'EFRAIN ZERTUCHE', 'EY39045', '2687', '2018-05-01', '2018-05-01', 3005, 1400, 1605, 642, 1, 'CREDITO 30', 0),
(16, 8, '0', 91, 'OP104', 'JOSE CAMPUZANO', '0', '9596', '2018-05-02', '2018-05-02', 22970, 7350, 15620, 12496, 1, 'CREDITO 30', 0),
(17, 8, '0', 58, 'OP90', 'JULIO TORRES', '0', '9594', '2018-05-02', '2018-05-02', 15740, 6500, 9240, 4158, 1, 'CREDITO 30', 0),
(18, 8, '21', 65, 'OP94', 'JESUS GAYTAN', 'EZ96901', '9591', '2018-04-30', '2018-05-02', 12730, 6720, 6010, 2704.5, 1, 'CREDITO 30', 0),
(19, 8, '21', 65, 'OP91', 'EZ96901', 'EZ96901', '9601', '2018-05-01', '2018-05-02', 10790, 5640, 5150, 2317.5, 1, 'CREDITO 30', 0),
(20, 7, '26', 59, '25', 'ANTONIO REYES', 'EX43437', '33269', '2018-05-02', '2018-05-02', 3300, 1210, 2090, 0, 1, 'CREDITO 30', 0),
(21, 8, '0', 101, 'OPA195', 'MARTIN ESPINOZA', '0', '9572', '2018-04-24', '2018-04-28', 4170, 2540, 1630, 2608, 1, 'CREDITO 30', 0),
(22, 8, '0', 64, 'OP91', 'ORLANDO TORRES', '0', '9583', '2018-05-26', '2018-04-27', 16450, 5650, 10800, 4860, 1, 'CREDITO 30', 0),
(23, 8, '0', 103, 'OPE91', 'VICTOR ', '0', '9587', '2018-05-27', '2018-05-27', 4540, 2470, 2070, 24840, 1, 'CREDITO 30', 0),
(24, 8, '0', 65, 'OP93', 'JULIO TORRES', '0', '9585', '2018-04-27', '2018-04-27', 10620, 5240, 5380, 2421, 1, 'CREDITO 30', 0),
(25, 8, '0', 64, 'OP70', 'JULIO TORRES', 'EZ00440', '9589', '2018-04-27', '2018-04-27', 17910, 6180, 11730, 5278.5, 1, 'CREDITO 30', 0),
(26, 73, '5', 88, '12', 'ENRIQUE MEDINA', 'EX43440', '4467', '2018-04-28', '2018-04-28', 3080, 1310, 1770, 8053.5, 1, 'CREDITO 8', 0),
(27, 73, '27', 100, '26', 'DARIO BERNAL', 'EX43430', '4470', '2018-04-28', '2018-04-28', 3830, 1320, 2510, 2886.5, 1, 'CREDITO 8', 0),
(28, 73, '27', 100, '26', 'DARIO BERNAL', 'EX43430', '4470', '2018-04-28', '2018-04-28', 3830, 1320, 2510, 2886.5, 1, 'CREDITO 8', 0),
(29, 73, '27', 100, '26', 'DARIO BERNAL', 'EX43430', '4470', '2018-04-28', '2018-04-28', 3830, 1320, 2510, 2886.5, 1, 'CREDITO 8', 0),
(30, 73, '27', 100, '26', 'DARIO BERNAL', 'EX43430', '4470', '2018-04-28', '2018-04-28', 3830, 1320, 2510, 2886.5, 1, 'CREDITO 8', 0),
(31, 73, '27', 100, '30', 'DARIO BERNAL', 'EX43430', '4468', '2018-04-30', '2018-04-30', 3420, 810, 2610, 3001.5, 1, 'CREDITO 8', 0),
(32, 73, '8', 100, '16', 'SAUL MEDINA', 'EY31662', '4469', '2018-04-30', '2018-04-30', 3950, 1260, 2690, 3093.5, 1, 'CREDITO 8', 0),
(33, 73, '5', 100, '9', 'ENRIQUE MEDINA', 'EX43440', '5197', '2018-04-30', '2018-04-30', 3770, 750, 3020, 3473, 1, 'CREDITO 8', 0),
(34, 73, '5', 100, '9', 'ENRIQUE MEDINA', 'EX43440', '5197', '2018-04-30', '2018-04-30', 3770, 1750, 2020, 2323, 1, 'CREDITO 8', 0),
(35, 6, '13', 67, '27', 'EFRAIN ZERTUCHE', 'EY39045', '2684', '2018-04-30', '2018-04-30', 4135, 1480, 2655, 796.5, 1, 'CREDITO 30', 0),
(36, 6, '13', 94, '29', 'EFRAIN ZERTUCHE', 'EY39045', '2684', '2018-04-30', '2018-04-30', 2960, 1440, 1520, 608, 1, 'CREDITO 30', 0),
(37, 17, '5', 60, '37', 'AARON MEDINA', 'EX43440', '397', '2018-04-30', '2018-04-30', 3450, 1190, 2260, 0, 1, 'CREDITO 30', 0),
(38, 7, '26', 92, '23', 'ANTONIO REYES', 'EX43437', '33263', '2018-04-28', '2018-04-28', 2870, 1380, 1490, 1192, 1, 'CREDITO 30', 0),
(39, 34, '26', 69, '0', 'ANTONIO REYES', 'EX43437', '3686', '2018-04-30', '2018-04-30', 4010, 3310, 700, 420, 1, 'CREDITO 30', 0),
(40, 34, '26', 96, '3', 'ANTONIO REYES', 'EX43437', '3687', '2018-04-30', '2018-04-30', 2830, 1460, 1370, 1096, 1, 'CREDITO 30', 0),
(41, 7, '26', 92, '18', 'ANTONIO REYES', 'EX43437', '28155', '2018-04-30', '2018-04-30', 2620, 1360, 1260, 1008, 1, 'CREDITO 30', 0),
(42, 73, '5', 88, '36', 'ENRIQUE MEDINA', 'EX43440', '5204', '2018-05-02', '2018-05-02', 3400, 1510, 1890, 8599.5, 1, 'CREDITO 8', 0),
(43, 17, '5', 60, '37', 'AARON MEDINA', 'EX43440', '399', '2018-05-02', '2018-05-02', 3100, 1170, 1930, 0, 1, 'CREDITO 30', 0),
(44, 17, '5', 60, '0', 'AARON MEDINA', 'EX43440', '399', '2018-05-02', '2018-05-02', 5370, 3360, 2010, 0, 1, 'CREDITO 30', 0),
(45, 6, '13', 71, '35', 'EFRAIN ZERTUCHE', 'EY39045', '2689', '2018-05-02', '2018-05-02', 3000, 1320, 1680, 2016, 1, 'CREDITO 30', 0),
(46, 6, '13', 67, '29', 'EFRAIN ZERTUCHE', 'EY39045', '2689', '2018-05-02', '2018-05-02', 2840, 1440, 1400, 420, 1, 'CREDITO 8', 0),
(47, 8, '5', 70, '38', 'AARON MEDINA', 'EX43440', '9597', '2018-05-02', '2018-05-02', 3220, 1190, 2030, 2436, 1, 'CREDITO 30', 0),
(48, 73, '8', 100, '16', 'SAUL MEDINA', 'EY31662', '4475', '2018-05-02', '2018-05-02', 4210, 1280, 2930, 3369.5, 1, 'CREDITO 8', 0),
(49, 73, '4473', 100, '26', 'DARIO BERNAL', 'EX43430', '4473', '2018-05-02', '2018-05-02', 3760, 1290, 2470, 2840.5, 1, 'CREDITO 8', 0),
(50, 73, '8', 100, '4', 'SAUL MEDINA', 'EY31662', '4476', '2018-05-02', '2018-05-02', 3620, 1310, 2310, 2656.5, 1, 'CREDITO 8', 0),
(51, 34, '26', 62, '10', 'ANTONIO REYES', 'EX43437', '3693', '2018-05-01', '2018-05-01', 3690, 1430, 2260, 0, 1, 'CREDITO 30', 0),
(52, 17, '5', 60, '0', 'AARON MEDINA', 'EX43440', '398', '2018-04-30', '2018-04-30', 4690, 3370, 1320, 0, 1, 'CREDITO 30', 0),
(53, 6, '13', 67, '8', 'EFRAIN ZERTUCHE', 'EY39045', '2687', '2018-05-01', '2018-05-01', 3705, 1240, 2465, 739.5, 1, 'CREDITO 30', 0),
(54, 73, '27', 100, '12', 'DARIO BERNAL', 'EX43430', '4471', '2018-05-01', '2018-05-01', 4070, 1330, 2740, 3151, 1, 'CREDITO 8', 0);

-- --------------------------------------------------------

--
-- Estructura de tabla para la tabla `listaventa`
--

CREATE TABLE `listaventa` (
  `idListaVenta` int(11) NOT NULL,
  `idCliente` int(11) DEFAULT NULL,
  `idUnidad` varchar(100) DEFAULT NULL,
  `idProducto` int(11) DEFAULT NULL,
  `contenedor` varchar(100) DEFAULT NULL,
  `chofer` varchar(100) DEFAULT NULL,
  `placas` varchar(100) DEFAULT NULL,
  `manifiesto` varchar(100) DEFAULT NULL,
  `fechaEntrada` date DEFAULT NULL,
  `fechaSalida` date DEFAULT NULL,
  `gross` double DEFAULT NULL,
  `tare` double DEFAULT NULL,
  `neto` double DEFAULT NULL,
  `totalCobrar` double DEFAULT NULL,
  `iva` tinyint(1) NOT NULL,
  `metodo` varchar(50) DEFAULT NULL,
  `status` int(11) NOT NULL DEFAULT '0'
) ENGINE=InnoDB DEFAULT CHARSET=latin1;

--
-- Volcado de datos para la tabla `listaventa`
--

INSERT INTO `listaventa` (`idListaVenta`, `idCliente`, `idUnidad`, `idProducto`, `contenedor`, `chofer`, `placas`, `manifiesto`, `fechaEntrada`, `fechaSalida`, `gross`, `tare`, `neto`, `totalCobrar`, `iva`, `metodo`, `status`) VALUES
(3, 284, '252', 68, 'EY252', 'JOSE LUIS NARRO', '', 'S/M', '2018-05-02', '2018-05-02', 2460, 2300, 160, 640, 0, 'CONTADO', 0),
(4, 32, '0', 91, '0', 'JOSE CAMPUZANO', '', '9596', '2018-05-02', '2018-05-02', 22970, 7350, 15620, 39050, 1, 'CREDITO 8', 0),
(5, 285, '1', 65, 'EZ96402', 'LORENZO PEREZ', '', 'S/M', '2018-05-02', '2018-05-02', 12730, 7020, 5710, 10278, 1, 'CREDITO 8', 0),
(6, 17, '0', 58, '0', 'JULIO TORRES', '', '9594', '2018-05-02', '2018-05-02', 15740, 6500, 9240, 9240, 1, 'CREDITO 30', 0),
(7, 286, '0', 58, '0', 'JULIO TORRES', '', '9594', '2018-05-02', '2018-05-02', 15740, 6500, 9240, 5544, 1, 'CREDITO 8', 0),
(8, 19, '21', 65, 'EZ96901', 'JESUS GAYTAN', '', '9591', '2018-04-30', '2018-05-02', 12730, 6720, 6010, 10818, 1, 'CREDITO 8', 0),
(9, 56, '21', 65, 'EZ96901', 'JESUS GAYTAN', '', '9601', '2018-05-01', '2018-05-02', 10790, 5640, 5150, 9270, 1, 'CREDITO 8', 0),
(10, 283, '0', 90, '0', 'HUMBERTO FIGUEROA', '', 'S/M', '2018-05-01', '2018-05-01', 74.1, 0, 74.1, 370.5, 0, 'CONTADO', 0),
(11, 19, '254', 112, 'EZ02425', 'BENITO ZAMORA ', '', 'S/M', '2018-05-02', '2018-05-02', 135, 0, 135, 931.5, 1, 'CREDITO 8', 0),
(12, 19, '254', 113, 'EZ02425', 'BENITO ZAMORA ', '', 'S/M', '2018-05-02', '2018-05-02', 210, 0, 210, 1680, 1, 'CREDITO 8', 0),
(13, 287, '255', 116, 'EY255', 'GERARDO ORTA', '', 'S/M', '2018-04-28', '2018-04-28', 1680, 1570, 110, 440, 0, 'CONTADO', 0),
(14, 21, '0', 101, '0', 'MARTIN ESPINOZA', '', '9572', '2018-04-24', '2018-05-28', 4170, 2540, 1630, 6927.5, 1, 'CREDITO 8', 0),
(15, 288, '0', 103, '0', 'VICTOR ', '', '9587', '2018-04-27', '2018-04-27', 4540, 2470, 2070, 50715, 1, 'CREDITO 8', 0),
(16, 19, '0', 65, '0', 'JULIO TORRES', '', '9585', '2018-04-27', '2018-04-27', 10620, 5240, 5380, 9684, 1, 'CREDITO 8', 0),
(17, 32, '27', 100, 'EX43430', 'DARIO BERNAL', '', '4468', '2018-04-30', '2018-04-30', 3420, 810, 2610, 4959, 1, 'CREDITO 8', 0),
(18, 32, '8', 100, 'EY31662', 'SAUL MEDINA', '', '4469', '2018-04-30', '2018-04-30', 3950, 1260, 2690, 5111, 1, 'CREDITO 8', 0),
(19, 254, '252', 116, 'FA83179', 'JUAN FCO PADILLA', '', 'S/M', '2018-05-02', '2018-05-02', 2430, 2010, 420, 1680, 0, 'CONTADO', 0),
(20, 20, '252', 116, 'EY252', 'RAMON GLORIA', '', 'S/M', '2018-05-02', '2018-05-02', 2140, 2050, 90, 360, 0, 'CONTADO', 0),
(21, 32, '807', 92, 'EY807', 'JOSE LUIS LUNA', '', 'S/M', '2018-04-30', '2018-04-30', 21230, 8830, 12400, 31000, 1, 'CREDITO 8', 0),
(22, 32, '807', 91, 'EY807', 'JOSE LUIS LUNA', '', 'S/M', '2018-05-02', '2018-05-02', 20180, 8780, 11400, 28500, 1, 'CREDITO 8', 0),
(23, 42, '0', 117, '0', 'MAIRON', '', 'S/M', '2018-05-02', '2018-05-02', 11.1, 0, 11.1, 44.4, 0, 'CONTADO', 0),
(24, 42, '0', 116, '0', 'MAIRON', '', 'S/M', '2018-05-02', '2018-05-02', 14.4, 0, 14.4, 57.6, 0, 'CONTADO', 0),
(25, 289, '252', 117, 'FB03449', 'JUAN ALONSO RODRIGUEZ', '', 'S/M', '2018-05-02', '2018-05-02', 3470, 3060, 410, 1640, 0, 'CONTADO', 0),
(26, 32, '8', 100, 'EY31662', 'SAUL MEDINA', '', '4475', '2018-05-02', '2018-05-02', 4210, 1280, 2930, 5567, 1, 'CREDITO 8', 0),
(27, 49, '27', 100, 'EX43430', 'DARIO BERNAL', '', '4473', '2018-05-02', '2018-05-02', 3760, 1290, 2470, 4693, 1, 'CREDITO 8', 0),
(28, 284, '252', 118, 'EY252', 'JOSE LUIS NARRO', '', 'S/M', '2018-05-03', '2018-05-03', 2230, 2120, 110, 440, 0, 'CONTADO', 0),
(29, 9, '809', 64, '459-DY8', 'RAMON VENTURA', '', 'S/M', '2018-04-30', '2018-04-30', 23780, 13370, 10410, 15615, 0, 'CONTADO', 0),
(30, 32, '8', 100, 'EY31662', 'SAUL MEDINA', '', '4476', '2018-05-02', '2018-05-02', 3620, 1310, 2310, 4389, 1, 'CREDITO 8', 0),
(31, 288, '669', 121, 'EY669', 'DANIEL ESPINOZA MATA', '', 'S/M', '2018-04-28', '2018-04-28', 19700, 15130, 4570, 20336.5, 1, 'CREDITO 8', 0),
(32, 18, '1', 57, 'EZ96402', 'LORENZO PEREZ', '', 'S/M', '2018-05-03', '2018-05-03', 17130, 7040, 10090, 33297000, 1, 'CREDITO 8', 0),
(33, 18, '1', 57, 'EZ96402', 'LORENZO PEREZ', '', 'S/M', '2018-05-03', '2018-05-03', 17130, 7040, 10090, 3300, 1, 'CREDITO 8', 0),
(34, 18, '1', 57, 'EZ96402', 'LORENZO PEREZ', '', 'S/M', '2018-05-03', '2018-05-03', 17130, 7040, 10090, 3300, 1, 'CREDITO 8', 0),
(35, 9, '252', 64, '596UR3', 'OSCAR VELAZCO', '', 'S/M', '2018-05-03', '2018-05-03', 18590, 7040, 11550, 17325, 0, 'CONTADO', 0);

-- --------------------------------------------------------

--
-- Estructura de tabla para la tabla `nivelseguridad`
--

CREATE TABLE `nivelseguridad` (
  `idnivelSeguridad` int(10) UNSIGNED NOT NULL,
  `nomNivelSeg` varchar(100) NOT NULL
) ENGINE=InnoDB DEFAULT CHARSET=latin1;

--
-- Volcado de datos para la tabla `nivelseguridad`
--

INSERT INTO `nivelseguridad` (`idnivelSeguridad`, `nomNivelSeg`) VALUES
(1, 'administrador');

-- --------------------------------------------------------

--
-- Estructura de tabla para la tabla `producto`
--

CREATE TABLE `producto` (
  `id_producto` int(10) UNSIGNED NOT NULL,
  `familia` int(11) DEFAULT NULL,
  `nombre_producto` varchar(50) DEFAULT NULL,
  `descripcion` varchar(200) DEFAULT NULL,
  `precio_venta` double DEFAULT NULL,
  `precio_compra` double DEFAULT NULL,
  `unidadMed` varchar(20) DEFAULT NULL
) ENGINE=InnoDB DEFAULT CHARSET=latin1;

--
-- Volcado de datos para la tabla `producto`
--

INSERT INTO `producto` (`id_producto`, `familia`, `nombre_producto`, `descripcion`, `precio_venta`, `precio_compra`, `unidadMed`) VALUES
(56, 45, 'LEÑA', 'TODAS LAS PLANTAS', 1700, 0, '1 LOTE'),
(57, 45, 'LEÑA', 'TODAS LAS PLANTAS', 3300, 0, '1 LOTE'),
(58, 45, 'LEÑA', 'DAIMLER', 0.6, 0.45, 'KG.'),
(59, 45, 'LEÑA', 'MATCOR', 1, 0, 'KG.'),
(60, 45, 'LEÑA', 'AXLE', 1, 0, 'KG.'),
(61, 45, 'LEÑA', 'WEIDMAN', 1, 0, 'KG.'),
(62, 45, 'LEÑA', 'MARTIN REA', 1, 0, 'KG.'),
(63, 45, 'LEÑA', 'ZF POWERTRAIN', 1, 0, 'KG.'),
(64, 46, 'TARIMA TORNILLO', 'DAIMLER', 1.5, 0.45, 'KG.'),
(65, 46, 'TARIMA', 'DAIMLER', 1.8, 0.45, 'KG.'),
(66, 46, 'TARIMA', 'MATCOR', 4, 0.45, 'KG.'),
(67, 46, 'TARIMA', 'ZF POWERTRAIN', 5.5, 0.3, 'KG.'),
(68, 46, 'TARIMA', 'ZF POWERTRAIN', 4, 0.3, 'KG.'),
(69, 46, 'TARIMA', 'MARTIN REA', 4, 0.6, 'KG.'),
(70, 47, 'POLIETILENO CRISTAL', 'DAIMLER', 6, 1.2, 'KG.'),
(71, 47, 'POLIETILENO DE COLOR', 'DAIMLER, ZF POQERTRAIN, AXLE', 5, 1.2, 'KG.'),
(72, 47, 'MANGUERA DE COLOR', 'DAIMLER', 5.6, 1.2, 'KG.'),
(73, 47, 'NAYLON COLA DE RATA', 'DAIMLER', 6.5, 1.2, 'KG.'),
(74, 47, 'HDPE RODETE', 'DAIMLER', 6, 1.2, 'KG.'),
(75, 47, 'HDPE TARIMA', 'DAIMLER', 6, 1.2, 'KG.'),
(76, 47, 'POLIPROPILENO NEGRO', 'DAIMLER', 4, 1.2, 'KG.'),
(77, 47, 'POLIPRO/POLIET. JUGUETE', 'DAIMLER', 4, 1.2, 'KG.'),
(78, 47, 'PET FLEJE', 'DAIMLER', 1.5, 1.2, 'KG.'),
(79, 47, 'FLEX PVC CHUPON', 'DAIMLER', 4, 1.2, 'KG.'),
(80, 47, 'POLIPRO TARIMA CHINA', 'DAIMLER', 5, 1.2, 'KG.'),
(81, 47, 'PET CRISTAL BOTELLA', 'DAIMLER', 3, 1.2, 'KG.'),
(82, 47, 'PET COLOR BOTELLA', 'DAIMLER, WEIDMAN', 1.5, 1.2, 'KG.'),
(83, 47, 'HDPE PORRON', 'DAIMLER', 4, 1.2, 'KG.'),
(84, 47, 'HDPE MULTICOLOR', 'DAIMLER', 4, 1.2, 'KG.'),
(85, 47, 'MANGUERA NEGRA', 'DAIMLER', 100, 1.2, 'PZA.'),
(86, 47, 'PET BLISTER CHAROLA', 'ZF POWERTRAIN', 2.5, 1.2, 'KG.'),
(87, 47, 'NAYLON COLA DE RATA', 'MARTIN REA', 6.5, 3.5, 'KG.'),
(88, 47, 'POLISTRECH ', 'KIMBERLY CLARK', 7.35, 4.55, 'KG.'),
(89, 47, 'POLIETILENO DE COLOR', 'KIMBERLY CLARK', 6, 4.55, 'KG.'),
(90, 47, 'POLIPROPILENO TARIMA', 'KIMBERLY CLARK', 5, 3.25, 'KG.'),
(91, 48, 'CARTON', 'DAIMLER', 2.5, 0.8, 'KG.'),
(92, 48, 'CARTON', 'MATCOR', 2.5, 0.8, 'KG.'),
(93, 48, 'CARTON', 'AXLE', 2.5, 0.8, 'KG.'),
(94, 48, 'CARTON', 'ZF POWERTRAIN', 2.5, 0.4, 'KG.'),
(95, 48, 'CARTON', 'WEIDMAN', 2.5, 0.8, 'KG.'),
(96, 48, 'CARTON', 'MARTIN REA', 2.5, 0.8, 'KG.'),
(97, 48, 'CARTON', 'IVON RAMIREZ', 2.5, 1.75, 'KG.'),
(98, 48, 'CARTON', 'EMPACADORA GONZEE DEL NTE.', 2.5, 0.8, 'KG.'),
(99, 48, 'CARTON', 'KIMBERLY CLARK', 2.5, 1.85, 'KG.'),
(100, 48, 'TUBO DE CARTON', 'KIMBERLY CLARK', 1.9, 1.15, 'KG.'),
(101, 49, 'CHATARRA MIXTA', 'DAIMLER', 4.25, 1.6, 'KG.'),
(102, 49, 'CHATARRA MIXTA', 'ZF POWERTRAIN', 4.25, 2.7, 'KG.'),
(103, 49, 'ALUMINIO  ', 'DAIMLER', 24.5, 12, 'KG.'),
(104, 49, 'ALUMINIO  GRUESO LIMPIO', 'ZF POWERTRAIN', 24, 16, 'KG.'),
(105, 49, 'ALUMINIO CONTAMINADO', 'ZF POWERTRAIN', 24, 16, 'KG.'),
(106, 49, 'REBABA DE ALUMINIO', 'ZF POWERTRAIN', 16, 16, 'KG.'),
(107, 49, 'BOTE DE ALUMINIO', 'SANTA MONICA/PUBLICO EN GENERAL', 24, 11, 'KG.'),
(108, 49, 'COBRE 1a.', 'DAIMLER', 99, 60, 'KG.'),
(109, 49, 'COBRE 2da.', 'DAIMLER', 80, 60, 'KG.'),
(110, 49, 'COBRE 1a.', 'ZF POWERTRAIN', 99, 75, 'KG.'),
(111, 49, 'COBRE 2da.', 'ZF POWERTRAIN', 80, 75, 'KG.'),
(112, 46, 'Barrote 42', NULL, 6.9, 0.45, 'PZA'),
(113, 46, 'Barrote 48', NULL, 8, 0.45, 'PZA'),
(114, 46, 'TRIPLAY GRANDE', 'DAIMLER', 38, 0.45, 'PZA'),
(115, 46, 'TRIPLAY CHICO', 'DAIMLER', 11.4, 0.45, 'PZA'),
(116, 46, 'TRIPLAY PATIO', NULL, 4, 0.45, 'KG'),
(117, 46, 'BARROTE VARIOS', 'MADERA DE VARIAS MEDIDAS', 4, 0.45, 'KG.'),
(118, 46, 'CAJON', 'PATIO ', 4, 0.45, 'KG.'),
(119, 48, 'CARTON-ECOFIBRAS', 'TODAS LAS PLANTAS', 2.6, 0.8, 'KG.'),
(120, 48, 'TUBO ECOFIBRAS', 'KIMBERLY', 2.1, 1.15, 'KG.'),
(121, 49, 'CHATARRA MIXTA-PATIO', 'PATIO ', 4.45, 1.6, 'KG.');

-- --------------------------------------------------------

--
-- Estructura de tabla para la tabla `proveedor`
--

CREATE TABLE `proveedor` (
  `id_proveedor` int(10) UNSIGNED NOT NULL,
  `nombre` varchar(100) DEFAULT NULL,
  `direccion` varchar(200) DEFAULT NULL,
  `telefono` int(10) UNSIGNED DEFAULT NULL,
  `email` varchar(100) DEFAULT NULL,
  `rfc` varchar(50) DEFAULT NULL,
  `contacto` varchar(100) DEFAULT NULL,
  `plazoCred` int(10) UNSIGNED DEFAULT NULL,
  `estado` varchar(100) DEFAULT NULL
) ENGINE=InnoDB DEFAULT CHARSET=latin1;

--
-- Volcado de datos para la tabla `proveedor`
--

INSERT INTO `proveedor` (`id_proveedor`, `nombre`, `direccion`, `telefono`, `email`, `rfc`, `contacto`, `plazoCred`, `estado`) VALUES
(4, 'SALTILLO INTERIOR TRIM', 'AUTOPISTA SALTILLO-MONTERREY KM 11.5 PARQUE INDUSTRIAL RAMOS ARIZPE C.P. 25900', 844, NULL, 'SIT071214C39', 'SIN  CONTACTO', 30, 'COAHUILA'),
(5, 'POLIUTERANOS MEXICANOS WOODBRIDGE S.A DE C.V.', 'AUTOPISTA SALTILLO MONTERREY KM 11.5 PARQUE INDUSTRIAL RAMOS ARIZPE CP 25900', 844, NULL, 'PMW9410112X5', 'SIN CONTACTO', 30, 'COAHUILA'),
(6, 'ZF POWERTRAIN MODULES SALTILLO S.A. DE C.V.', 'INDUSTRIA METALÃšRGICA NO. 1010 INT. 2', 844, NULL, 'ZSA980605643', 'SIN CONTACTO', 30, 'COAHUILA'),
(7, 'MATCOR MMG SERVICIOS DE COAHUILA AUTOMOTIVE C DE RL DE CV', 'BLVD. INDUSTRIAL AUTOMOTIVE NO 3052 PARQUE INDUSTRIAL RAMOS ARIZPE', 844, NULL, 'MMS951027', 'VIGILANCIA', 0, 'COAHUILA'),
(8, 'DAIMLER VEHICULOS COMER MEX S.A DE C.V.', 'CARRETERA GENERAL CEPEDA 8395, EL DERRAMADERO, 25300 SALTILLO, COAH.', 44, NULL, 'DVC910102VDA', 'SIN CONTACTO', 30, 'COAHUILA'),
(9, 'TAYECO S.A DE C.V.', 'LAZARO CARDENAS OTE. #2517 RESIDENCIAL SAN AGUSTIN CP 66260', 4294967295, NULL, 'TAY040928H80', 'SIN CONTACTO', 30, 'COAHUILA'),
(10, 'HERNAN PEREZ', 'OPESA', 0, NULL, 'XAXX010101001', 'HERNAN PEREZ', 0, 'COAHUILA'),
(11, 'VICTOR ORTIZ', 'ASUNCION #207 COL. HIBERNIA ', 4294967295, NULL, 'OIHV710906', 'VICTOR ORTIZ', 1, 'COAHUILA'),
(12, 'ASKOLL MEXICO SA DE CV', 'AVE INDUSTRIA AEROSPACIAL 3401, PARQUE INDUSTRIAL RAMOS RAMOS ARIZPE', 844, NULL, 'AEN0803074C2', 'VIGILANCIA', 30, 'COAHUILA'),
(13, 'BEBIDAS MUNDIALES, S. DE R.L. DE C.V.', 'BLVD. FUNDADORES NO. 6659 DIV. HIELO, COLONIA SAN JOSE DE LOS CERRITOS, C.P. 25019, ', 844, NULL, 'BMU8605134I8', 'SIN CONTACTO', 30, 'COAHUILA'),
(14, 'EHV WEIDMANN DE MEXICO, S.A. DE C.V.', 'LIBRAMIENTO JOSE LOPEZ PORTILLO NO. 216, COLONIA ANTIGUA CARRETERA ARTEAGA, C.P. 25350', 844, NULL, 'EWM9705201S4', 'SIN CONTACTO', 30, 'COAHUILA'),
(15, 'LA-Z-BOY MUEBLES, S. DE R.L. DE C.V', ' LIBRAMIENTO Ã“SCAR FLORES TAPIA #1405 PARQUE INDUSTRIAL ', 844, NULL, 'LSM071017635', 'SIN CONTACTO', 30, 'COAHUILA'),
(16, 'MATERIALES RECICLABLES SALTILLENSES S.A DE C.V.', 'LAS TORRES 560 PARQUE INDUSTRIAL Â LAS TORRES C.P. 25114', 4294967295, NULL, 'MRS130218SV0', 'SECRETARIA', 30, 'COAHUILA'),
(17, 'AXLE - DAIMLER MANUFACTURA, S.A. DE C.V.', 'CARRETERA GENERAL CEPEDA NO 8565 ES, SALTILLO COA 25300 MEXICO', 844, NULL, 'DMA990408TQ5-A', 'SIN CONTACTO', 30, 'COAHUILA'),
(18, 'HONORIO GARCIA GURROLA', 'C. DERECHO DE HUELGA #5340 COL CROC 64200 ', 4294967295, NULL, 'GAGH890804', 'HONORIO GARCIA GURROLA', 0, 'NUEVO LEON'),
(19, 'GRUPO PEÃ‘AFIEL', 'AV. DE LOS CLAVELES #600, INT 6, COL. OCEANIA CP 25294', 844, NULL, 'PAM9209017P5', 'SIN CONTACO', 30, 'COAHUILA'),
(20, 'FRANCISCO GARCIA', 'DOM CONOCIDO', 844000, NULL, 'GACF', 'FRANCISCO GARCIA', 0, 'COAHUILA'),
(21, 'MARTIN RODRIGUEZ PALOMO', 'COL.MISION CERRITOS CP 25016', 844, NULL, 'ROPM510702', 'MARTIN RODRIGUEZ PALOMO', 0, 'COAHUILA'),
(22, 'EMPACADORA GONZEE DEL NORTE', 'URDIÃ‘OLA ', 844000000, NULL, 'RFCGONZEE', 'SIN CONTACTO', 30, 'COAHUILA'),
(23, 'GREEN CORP', 'BLVD. COLOSIO NÂ°1858 COL. SAN PATRICIO CP 25204', 52, NULL, 'RFCGREEN', 'SIN CONTACTO', 30, 'COAHUILA'),
(24, 'FRANCISCO DOMINGUEZ', 'SIN DIRECCION', 0, NULL, 'DOXF000000', 'FRANCISCO DOMINGUEZ', 30, 'COAHUILA'),
(25, 'IVON RAMIREZ', 'SIN DIRECCION', 0, NULL, 'RAXI000000', 'IVAN RAMIREZ', 30, 'COAHUILA'),
(26, 'GUILLERMO MUÃ‘OZ CEDILLO', 'ABRAHAM CEPEDA #435 COL. MARIA DE LEON C.P. 25096', 0, NULL, 'MUCG700730', 'GUILLERMO MUÃ‘OZ CEDILLO', 0, 'COAHUILA'),
(27, 'VICTOR LUIS HUITRON QUEVEDO', 'HERO 475 FRACC. CD LAS TORRES CP 25110', 4294967295, NULL, 'HUQV591009', 'VICTOR LUIS HUITRON QUEVEDO', 0, 'COAHUILA'),
(28, 'GILBERTO ANGEL SENDEJO GUERRERO', 'C. FRANCISCO JAVIER MINA 320 COL. CENTRO 25900', 4294967295, NULL, 'SEGG880427', 'GILBERTO ANGEL SENDEJO GUERRERO', 0, 'COAHUILA'),
(29, 'JOSE CAMILO GUTIERREZ MARTINEZ', 'FRAI JUAN DE TERREROS COL. ZAPALINAME ', 844, NULL, 'GUMC670825', 'JOSE CAMILO GUTIERREZ MARTINEZ', 0, 'COAHUILA'),
(30, 'MA. DE LA LUZ FLORES ALEMAN ', 'C. PONIENTE 1659 COL. PUERTA DEL ORIENTE', 844, NULL, 'FOAL540113', 'MA. DE LA LUZ FLORES ALEMAN ', 0, 'COAHUILA'),
(31, 'JOSE ADRIAN AGUILERA ROSALES', 'FINLANDIA 1021 COL. LOS ANGELES', 4379498, NULL, 'AURA840708', 'JOSE ADRIAN AGUILERA ROSALES', 0, 'NUEVO LEON'),
(32, 'CESAR ARTURO CARREON BUSTAMENTE', '4 DE OCTUBRE 633 COL 4 DE OCTUBRE ', 844, NULL, 'BUCC750215', 'CESAR ARTURO CARREON BUSTAMENTE', 0, 'COAHUILA'),
(33, 'JUAN MARTIN VEGA HUERECA ', 'C FEDERICO GARCIA LORCA #1118 COL LA MADRID', 844, NULL, 'VEHJ67031805', 'JUAN MARTIN VEGA HUERECA ', 0, 'COAHUILA'),
(34, 'INDUSTRIAS MARTINREA DE MEXICO S.A. DE C.V.', 'CARRETERA ATNTIGUA ARTEAGA #2653 COL. LA AURORA CP. 25398', 4294967295, NULL, 'IMM930428SY9', 'GISELA GARCIA', 30, 'COAHUILA'),
(35, 'MAYORAMA S.A DE C.V ', 'BLVD FUNDADORES 1362 ', 8844, NULL, 'MAY940182Y1', 'ALFREDO PEÃ‘A ', 0, 'COAHUILA'),
(36, 'LUIS ALBERTO CASTILLO OLIVARES', 'C 4 DE ACTUBRE #705 COL. 4 DE OCTUBRE ', 844, NULL, 'RFC LUIS ALBERTO', 'LUIS ALBERTO ', 0, 'COAHUILA'),
(37, 'ANGEL ERUVIEL DUARTE ALFARO ', 'C ESTAÃ‘O 953 AMPL BONANZA ', 844, NULL, 'DUAA941108', 'ANGEL ERUVIEL DUARTE ALFARO ', 0, 'COAHUILA'),
(38, ' DARIO CAMACHO TELLO ', 'LAS PRESITAS ', 844, NULL, 'CATD590119', 'TELLO DARIO CAMACHO ', 0, 'COAHUILA'),
(39, 'MAXIMILIANO  VELAZQUEZ PEREZ', 'C SANTA OFELIA 129 SANTA CRISTINA', 844, NULL, 'VEPM961006', 'MAXIMILIANO VELAZQUEZ PEREZ ', 0, 'COAHUILA'),
(40, 'FRANCISCO JAVIER ALONSO GONZALEZ ', 'C. ACEITILLA #4009 COL. MISION CERRITOS ', 844, NULL, 'RFC FRANCISCO ', 'FRANCISCO  ', 0, 'COAHUILA'),
(41, 'RAMON GLORIA TORRES ', 'C. VENISTIANO CARRANZA COL. EL EJIDAL #9011 ', 8444, NULL, 'GOTR550715', 'RAMON ', 0, 'COAHUILA'),
(42, 'JOSE MANUEL RODRIGUEZ DE LEON', 'EL FENIX SN EJ SAN JUAN DE LOS DOLORES ', 844, NULL, 'ROLM6402113', 'JOSE MANUEL RODRIGUEZ DE LEON', 0, 'COAHUILA'),
(43, 'JORGE EDILBERTO ESTRADA MORALES', 'SAN FRANCISCO 520 COL 4 OCTUBRE', 844, NULL, 'EAMJ781029', 'JORGE EDILBERTO ESTRADA MORALES', 0, 'COAHUILA'),
(44, 'PEDRO CASTILLO OLIVARES', '4 DE OCTUBRE #705', 844, NULL, 'RFC PEDRO CASTILLO ', 'PEDRO CASTILLO OLIVARES', 0, 'COAHUILA'),
(45, 'FRANCISCO JAVIER OLIVARES  HERNANDEZ', 'NUEVA TECNOLOGIA MZA 1 LT 2 COL NUEVO PROGRESO ', 0, NULL, 'OIHF640720', 'FRANCISCO JAVIER OLIVARES HERNANDEZ', 0, 'COAHUILA'),
(46, 'GERARDO BENJAMIN PALACIOS RODRIGUEZ', 'CALLE 1 # 1121', 0, NULL, 'GBPR130199', 'GERARDO BENJAMIN PALACIOS RODRIGUEZ', 0, 'COAHUILA'),
(47, 'SILVIA DE LA VIRGEN MUÃ‘OZ ', '4 DE OCTUBRE ', 844, NULL, 'RFC', 'SILVIA DE LA VIRGEN MUÃ‘OZ ', 0, 'COAHUILA'),
(48, 'FELIPE REYES CARRILLO ', 'C. MARIANO ARISTA 175 COL. GUAYULERA ', 844, NULL, 'RECF6904227', 'FELIPE REYES CARRILLO ', 0, 'COAHUILA'),
(49, 'PLASTICOS FLAMBEAU, S. DE R.L. DE C.V.', 'CALLE 17 NO. 3692 COL. AMPLIACION MORELOS ', 4119760, NULL, 'PFL980812JE4', 'IVAN GARCIA ', 0, 'COAHUILA'),
(50, 'DANIEL RODRIGUEZ ORTIZ', 'LA IBERNIA ', 0, NULL, 'RFCDANIELRODRIGUEZ', 'DANIEL RODRIGUEZ ORTIZ', 0, 'COAHUILA'),
(51, 'ADAN HERNAN CEPEDA', 'CALLE 2 COL. 4 DE OCTUBRE ', 844, NULL, 'RFCADANHERNAN', 'ADAN HERNAN CEPEDA', 0, 'COAHUILA'),
(52, 'HECTOR ARNULFO ESTRADA LUGO ', 'C SAN JUAN BAUTISTA 265 COL COLINAS DE SAN FRANCISCO ', 844, NULL, 'EALH830703', 'HECTOR ARNULFO ESTRADA LUGO ', 0, 'COAHUILA'),
(53, 'MARIO MIGUEL VILLASEÃ‘OR GARCIA', 'C GRANADA 167 FRACC VILLAS DE ARANJUEZ', 844, NULL, 'VIGM690209', 'MARIO MIGUEL VILLASEÃ‘OR GARCIA', 0, 'COAHUILA'),
(54, 'JOSE FRANCISCO ORANDAY MARTINEZ', 'SAN FRANCISCO JAVIER 514 COL. COLINAS DE SAN FRANCISCO ', 84, NULL, 'OAMF820325', 'JOSE FRANCISCO ORANDAY MARTINEZ', 0, 'COAHUILA'),
(55, 'IGNACIO CONTRERAS VASQUEZ ', 'C SINCERIDAD 125 FRACC LA AMISTAD ', 844, NULL, 'COVI591208', 'IGNACIO CONTRERAS VASQUEZ ', 0, 'COAHUILA'),
(56, 'JAVIER ALEJANDRO GUTIERREZ GUTIERREZ', 'PRIV. MARTIN ZAVALA 1496 FRACC SAN ESTEBAN ', 844, NULL, 'GUGJ950206', 'JAVIER ALEJANDRO GUTIERREZ GUTIERREZ', 0, 'COAHUILA'),
(57, 'MIGUEL ANGEL JUAREZ', 'CONOCIDO ', 0, NULL, 'RFCANGEL', 'MIGUEL ANGEL JUAREZ', 0, 'COAHUILA'),
(58, 'ANTONIO GONZALEZ ', 'CONOCIDO ', 844, NULL, 'RFCANTONIOGONZALEZ', 'ANTONIO GONZALEZ ', 0, 'COAHUILA'),
(59, 'LUIS DANIEL RODRIGUEZ ALANIS ', 'C NUESTRA SEÃ‘ORA DEL PILAR ', 844, NULL, 'ROAL510809', 'LUIS DANIEL RODRIGUEZ ALANIS ', 0, 'COAHUILA'),
(60, 'VICTOR GARCIA ', 'COLONIO ASAN ANGEL ', 0, NULL, 'GARV8201', 'VICTOR GARCIA ', 0, 'COAHUILA'),
(61, 'FIDEL IZETA RODRIGUEZ', 'C FCO MURGIA 705 FRACC NOGALAR', 0, NULL, 'ROIF730406', 'FIDEL IZETA RODRIGUEZ', 0, 'COAHUILA'),
(62, 'JORGE GONZALEZ', 'C EUCALIPTO 986 FRACC.ZARAGOZA', 4294967295, NULL, 'JOET180994', 'JORGE GONZALEZ', 0, 'COAHUILA'),
(63, 'ISIDRO GONZALEZ', 'COLONIA BONANZA', 4294967295, NULL, 'SAGM590514', 'ISIDRO GONZALEZ', 0, 'COAHUILA'),
(64, 'JOSE NUNCIO', 'LIBRAMIENTO 1158', 0, NULL, '7893251', 'JOSE NUNCIO', 0, 'COAHUILA'),
(65, 'PINTURA Y ENSAMBLES DE MEXICO SA DE CV', 'SERVIDUMNBRE DE PASO 851', 4294967295, NULL, 'PEM960116110', 'PAOLA MEDRANO', 0, 'COAHUILA'),
(66, 'EFRAIN RUIZ', 'FRACC. LOMA LINDA', 0, NULL, 'IARE987100', 'EFRAIN RUIZ', 0, 'COAHUILA'),
(67, 'EFRAIN RUIZ', 'FRACC. LOMA LINDA', 0, NULL, 'IARE100872HCL', 'EFRAIN RUIZ', 0, 'COAHUILA'),
(68, 'MARSELINO VASQUES', 'LAURA ROSARIO', 0, NULL, 'CHVSMR62', 'MARSELINO VASQUES', 0, 'COAHUILA'),
(69, 'ANDRES RODRIGUEZ', 'BLVD. CENTENARIO', 0, NULL, 'GORJ960316', 'ANDRES RODRIGUEZ', 0, 'COAHUILA'),
(70, 'MARIA DEL SOCORRO', 'C. HACIENDA DEL MARQUEZ DE AGUAYO', 0, NULL, 'SASS740627', 'MARIA DEL SOCORRO', 0, 'COAHUILA'),
(71, 'RAMON CORTEZ', 'CARLOS RUBIROSA 1791', 0, NULL, 'COSR330531', 'RAMON CORTEZ', 0, 'COAHUILA'),
(72, 'ADOLFO ESPARZA', 'C. BAJA CALIFORNIA', 0, NULL, 'AEEA570301', 'ADOLFO ESPARZA', 0, 'COAHUILA'),
(73, 'KIMBERLY CLARK DE MEXICO, S.A.B. DE C.V', 'AV. JAIME BALMES NÂ° 6 PISO 9 COL. LOS MORALES POLANCO', 0, NULL, ' KCM 810226 DEA ', 'MIGUEL GARCIA', 0, 'C.D MEXICO'),
(74, 'JAVIER GUTIERREZ', 'FRACC MIGUEL HIDALGO ', 0, NULL, 'AAGF840515HCL', 'JAVIER GUTIERREZ', 0, 'COAHUILA'),
(75, 'FRANCISCO AGUILERA', 'ANHELOS 186 FRACC. AMISTAD', 0, NULL, 'AUCF690502', 'FRANCISCO AGUILERA', 0, 'COAHUILA'),
(76, 'FABRICA AGIL SA DE CV', 'CARRETERA LIBRE FEDERAL MATEHUALA A SALTILLO', 0, NULL, 'FAG060918636', 'ADRIAN AGUILERA', 0, 'NUEVO LEON'),
(77, 'GREGORIO GONZALEZ', 'C SEGURIDAD SOCIAL 215 COL. FIDEL VELAZQUEZ', 0, NULL, 'GAGG660126', 'GREGORIO GONZALEZ', 0, 'COAHUILA'),
(78, 'MARTIN TRISTAN', 'COL ZONA CENTRO', 0, NULL, 'MTRE785918', 'MARTIN TRISTAN', 0, 'COAHUILA'),
(79, 'AGUSTIN IBARRA', 'C VALLE DEL NORTE 203 COL. VALLE AZTECA', 0, NULL, 'IASA940430', 'AGUSTIN IBARRA', 0, 'COAHUILA'),
(80, 'OSBALDO DAVILA', 'CALLE SAN ANTONIO 458', 0, NULL, 'OSBLME15081770', 'OSBALDO DAVILA', 0, 'COAHUILA'),
(81, 'MIGUEL ANGEL LEOS', 'JUAREZ 437 COL. LA JOYA', 4294967295, NULL, 'LECM850929', 'MIGUEL ANGEL LEOS', 0, 'COAHUILA'),
(82, 'VITTI EMPAQUES S D R L DE CV', 'BLVD. FUNDADORES KM5 #7150 EX HACIENDA LOS CERRITOS', 4138766, NULL, 'VEM161017P64', 'ING. BRENDA LUGO', 0, 'COAHUILA'),
(83, 'HERNAN DOMINGUEZ', 'COL 4 DE OCTUBRE 25354', 0, NULL, 'PEDR960617', 'HERNAN DOMINGUEZ', 0, 'COAHUILA'),
(84, 'JOSUE VILLANUEVA', 'COL SATELITE NORTE', 0, NULL, 'VIPJ970917', 'JOSUE VILLANUEVA', 0, 'COAHUILA'),
(85, 'JOSE MORALES FLORES', 'VILLAS DE SAN ANTONIO  569', 0, NULL, 'MOFI781104', 'JOSE MORALES FLORES', 0, 'COAHUILA'),
(86, 'EVERARDO TOVAR', 'ARTEAGA COAHUILA', 0, NULL, 'TVRBEV81062205', 'EVERARDO TOVAR', 0, 'COAHUILA'),
(87, 'ALMA CHARLES', 'COL REP OTE 458', 0, NULL, 'ALMCRH18091994', 'ALMA CHARLES', 0, 'COAHUILA'),
(88, 'MARCO ANTONIO SANCHEZ', 'AMPL. MORELOS ', 0, NULL, 'SOSM871215', 'MARCO ANTONIO SANCHEZ', 0, 'COAHUILA'),
(89, 'ANTONIO TORRES', 'C MARAVILLAS COL VALLE DE LAS FLORES 25290', 0, NULL, 'ANTRPD890705H', 'ANTONIO TORRES', 0, 'COAHUILA'),
(90, 'LUCIO AGUILAR MARTINEZ', 'AMPL MORELOS 458', 0, NULL, 'LUCMC1582796H', 'LUCIO AGUILAR MARTINEZ', 0, 'COAHUILA'),
(91, 'RICARDO MORALES', 'C MANZANO 440 COL UNION MODELO ', 0, NULL, 'XXMRRC61021805', 'RICARDO MORALES', 0, 'N.L'),
(92, 'ALEJANDRO DE JESUS DIAZ', 'C EL MAZO 315 FRACC. LA FRAGUA 25297 ', 0, NULL, 'GADA610530HDF', 'ALEJANDRO DE JESUS DIAZ', 0, 'COAHUILA'),
(93, 'RODOLFO REYNOSA', 'C MONTES TLAMACAS 109  COL BELLA UNION', 0, NULL, 'RORR810212', 'RODOLFO REYNOSA', 0, 'COAHUILA'),
(94, 'FRANCISCO JAVIER VALDES', 'C RIO GRIJALVA 226', 0, NULL, 'SAVF721230HCL', 'FRANCISCO JAVIER VALDES', 0, 'COAHUILA'),
(96, 'JOSE GUADALUPE FLORES ', 'C JOSE MARIA MORELOS 893', 0, NULL, 'GAFG830201HCR', 'JOSE GUADALUPE FLORES ', 0, 'COAHUILA'),
(97, 'EDUARDO RODRIGUEZ CONTRERAS', 'RAFAEL AGUILAR 561', 0, NULL, 'ROCE9000522', 'EDUARDO RODRIGUEZ CONTRERAS', 0, 'COAHUILA'),
(98, 'PEDRO SANDOVAL', 'COL 4 DE OCT.', 4294967295, NULL, 'HESPE7503221HCL', 'PEDRO SANDOVAL', 0, 'COAHUILA'),
(99, 'RECDESAL RECICLADORA SALTILLO SA DE CV', 'SUCURSAL 5339 SALTILLO MAGISTERIO ', 4294967295, NULL, 'RR51612133W1', 'MARICELA SAUCEDO ', 0, 'COAHUILA'),
(100, 'VICENTE SALAZAR', 'COL. MORELOS 25017', 0, NULL, 'MOSV600312HCL', 'VICENTE SALAZAR', 0, 'COAHUILA'),
(101, 'JUAN MANUEL ENCINA MACIAS', 'C FELIPE BERRIOZABAL COL CHAMIZAL 25180', 0, NULL, 'MAEJ910817HCL', 'JUAN MANUEL ENCINA MACIAS', 0, 'COAHUILA'),
(102, 'HERMENEGILDO MARTINEZ HERNANDEZ', 'C ALAMOS 36 COL ABRAHAM CEPEDA 25350', 0, NULL, 'HRMRHR59102', 'HERMENEGILDO MARTINEZ HERNANDEZ', 0, 'COAHUILA');

-- --------------------------------------------------------

--
-- Estructura de tabla para la tabla `rubro`
--

CREATE TABLE `rubro` (
  `idRubro` int(11) NOT NULL,
  `descripcion` varchar(100) NOT NULL,
  `idDep` int(11) NOT NULL
) ENGINE=InnoDB DEFAULT CHARSET=latin1;

--
-- Volcado de datos para la tabla `rubro`
--

INSERT INTO `rubro` (`idRubro`, `descripcion`, `idDep`) VALUES
(2, 'Accesos', 2),
(3, 'Examen Medico', 2),
(4, 'Papeleria', 2),
(5, 'Equipo de Seguridad', 2),
(6, 'Rafia', 2),
(7, 'Prestamos', 3),
(8, 'Finiquitos', 3),
(9, 'Tiempo Extra', 3),
(10, 'Semanal', 3),
(11, 'Quincenal', 3),
(12, 'Adelanto de Nomina', 3),
(13, 'Materiales ', 6),
(14, 'Masas para remolque ', 6),
(15, 'Llantas ', 6),
(16, 'Rines ', 6),
(17, 'Discos de corte ', 6),
(18, 'VULKANIZADORA', 4);

-- --------------------------------------------------------

--
-- Estructura de tabla para la tabla `unidades`
--

CREATE TABLE `unidades` (
  `id_unidades` int(10) UNSIGNED NOT NULL,
  `chofer` varchar(200) DEFAULT NULL,
  `unidad` int(10) UNSIGNED NOT NULL,
  `placa` varchar(20) NOT NULL,
  `marca` varchar(50) NOT NULL,
  `descripcion` varchar(200) DEFAULT NULL
) ENGINE=InnoDB DEFAULT CHARSET=latin1;

-- --------------------------------------------------------

--
-- Estructura de tabla para la tabla `unidadmedida`
--

CREATE TABLE `unidadmedida` (
  `idUnidadMedida` int(11) NOT NULL,
  `descripcion` varchar(100) NOT NULL
) ENGINE=InnoDB DEFAULT CHARSET=latin1;

--
-- Volcado de datos para la tabla `unidadmedida`
--

INSERT INTO `unidadmedida` (`idUnidadMedida`, `descripcion`) VALUES
(1, 'pza');

-- --------------------------------------------------------

--
-- Estructura de tabla para la tabla `usuarios`
--

CREATE TABLE `usuarios` (
  `idUsuarios` int(10) UNSIGNED NOT NULL,
  `nivelSeguridad_idnivelSeguridad` int(10) UNSIGNED NOT NULL,
  `nomUs` varchar(100) NOT NULL,
  `apellidoUs` varchar(100) NOT NULL,
  `fechaIng` date DEFAULT NULL,
  `fechaNac` date DEFAULT NULL,
  `email` varchar(100) DEFAULT NULL,
  `passUs` varchar(50) NOT NULL
) ENGINE=InnoDB DEFAULT CHARSET=latin1;

-- --------------------------------------------------------

--
-- Estructura de tabla para la tabla `ventas`
--

CREATE TABLE `ventas` (
  `id_venta` int(10) UNSIGNED NOT NULL,
  `producto_id_producto` int(10) UNSIGNED NOT NULL,
  `peso` double DEFAULT NULL
) ENGINE=InnoDB DEFAULT CHARSET=latin1;

--
-- Índices para tablas volcadas
--

--
-- Indices de la tabla `caja`
--
ALTER TABLE `caja`
  ADD PRIMARY KEY (`id_caja`),
  ADD KEY `caja_FKIndex1` (`usuarios_idUsuarios`);

--
-- Indices de la tabla `cliente`
--
ALTER TABLE `cliente`
  ADD PRIMARY KEY (`id_clientes`);

--
-- Indices de la tabla `compras`
--
ALTER TABLE `compras`
  ADD PRIMARY KEY (`id_compras`),
  ADD KEY `compras_FKIndex1` (`producto_id_producto`);

--
-- Indices de la tabla `departamento`
--
ALTER TABLE `departamento`
  ADD PRIMARY KEY (`id_departamento`);

--
-- Indices de la tabla `empleado`
--
ALTER TABLE `empleado`
  ADD PRIMARY KEY (`idEmpleado`);

--
-- Indices de la tabla `familia`
--
ALTER TABLE `familia`
  ADD PRIMARY KEY (`idFamilia`);

--
-- Indices de la tabla `gastos`
--
ALTER TABLE `gastos`
  ADD PRIMARY KEY (`id_gastos`),
  ADD KEY `gastos_FKIndex1` (`departamento_id_departamento`);

--
-- Indices de la tabla `ingresos`
--
ALTER TABLE `ingresos`
  ADD PRIMARY KEY (`idIngresos`);

--
-- Indices de la tabla `listacompra`
--
ALTER TABLE `listacompra`
  ADD PRIMARY KEY (`idListaCompra`);

--
-- Indices de la tabla `listaventa`
--
ALTER TABLE `listaventa`
  ADD PRIMARY KEY (`idListaVenta`);

--
-- Indices de la tabla `nivelseguridad`
--
ALTER TABLE `nivelseguridad`
  ADD PRIMARY KEY (`idnivelSeguridad`);

--
-- Indices de la tabla `producto`
--
ALTER TABLE `producto`
  ADD PRIMARY KEY (`id_producto`);

--
-- Indices de la tabla `proveedor`
--
ALTER TABLE `proveedor`
  ADD PRIMARY KEY (`id_proveedor`);

--
-- Indices de la tabla `rubro`
--
ALTER TABLE `rubro`
  ADD PRIMARY KEY (`idRubro`);

--
-- Indices de la tabla `unidades`
--
ALTER TABLE `unidades`
  ADD PRIMARY KEY (`id_unidades`);

--
-- Indices de la tabla `unidadmedida`
--
ALTER TABLE `unidadmedida`
  ADD PRIMARY KEY (`idUnidadMedida`);

--
-- Indices de la tabla `usuarios`
--
ALTER TABLE `usuarios`
  ADD PRIMARY KEY (`idUsuarios`),
  ADD KEY `usuarios_FKIndex1` (`nivelSeguridad_idnivelSeguridad`);

--
-- Indices de la tabla `ventas`
--
ALTER TABLE `ventas`
  ADD PRIMARY KEY (`id_venta`),
  ADD KEY `ventas_FKIndex1` (`producto_id_producto`);

--
-- AUTO_INCREMENT de las tablas volcadas
--

--
-- AUTO_INCREMENT de la tabla `caja`
--
ALTER TABLE `caja`
  MODIFY `id_caja` int(10) UNSIGNED NOT NULL AUTO_INCREMENT;

--
-- AUTO_INCREMENT de la tabla `cliente`
--
ALTER TABLE `cliente`
  MODIFY `id_clientes` int(10) UNSIGNED NOT NULL AUTO_INCREMENT, AUTO_INCREMENT=290;

--
-- AUTO_INCREMENT de la tabla `compras`
--
ALTER TABLE `compras`
  MODIFY `id_compras` int(10) UNSIGNED NOT NULL AUTO_INCREMENT;

--
-- AUTO_INCREMENT de la tabla `departamento`
--
ALTER TABLE `departamento`
  MODIFY `id_departamento` int(10) UNSIGNED NOT NULL AUTO_INCREMENT, AUTO_INCREMENT=12;

--
-- AUTO_INCREMENT de la tabla `empleado`
--
ALTER TABLE `empleado`
  MODIFY `idEmpleado` int(11) NOT NULL AUTO_INCREMENT;

--
-- AUTO_INCREMENT de la tabla `familia`
--
ALTER TABLE `familia`
  MODIFY `idFamilia` int(11) NOT NULL AUTO_INCREMENT, AUTO_INCREMENT=50;

--
-- AUTO_INCREMENT de la tabla `gastos`
--
ALTER TABLE `gastos`
  MODIFY `id_gastos` int(10) UNSIGNED NOT NULL AUTO_INCREMENT, AUTO_INCREMENT=13;

--
-- AUTO_INCREMENT de la tabla `ingresos`
--
ALTER TABLE `ingresos`
  MODIFY `idIngresos` int(11) NOT NULL AUTO_INCREMENT, AUTO_INCREMENT=2;

--
-- AUTO_INCREMENT de la tabla `listacompra`
--
ALTER TABLE `listacompra`
  MODIFY `idListaCompra` int(11) NOT NULL AUTO_INCREMENT, AUTO_INCREMENT=55;

--
-- AUTO_INCREMENT de la tabla `listaventa`
--
ALTER TABLE `listaventa`
  MODIFY `idListaVenta` int(11) NOT NULL AUTO_INCREMENT, AUTO_INCREMENT=36;

--
-- AUTO_INCREMENT de la tabla `nivelseguridad`
--
ALTER TABLE `nivelseguridad`
  MODIFY `idnivelSeguridad` int(10) UNSIGNED NOT NULL AUTO_INCREMENT, AUTO_INCREMENT=2;

--
-- AUTO_INCREMENT de la tabla `producto`
--
ALTER TABLE `producto`
  MODIFY `id_producto` int(10) UNSIGNED NOT NULL AUTO_INCREMENT, AUTO_INCREMENT=122;

--
-- AUTO_INCREMENT de la tabla `proveedor`
--
ALTER TABLE `proveedor`
  MODIFY `id_proveedor` int(10) UNSIGNED NOT NULL AUTO_INCREMENT, AUTO_INCREMENT=103;

--
-- AUTO_INCREMENT de la tabla `rubro`
--
ALTER TABLE `rubro`
  MODIFY `idRubro` int(11) NOT NULL AUTO_INCREMENT, AUTO_INCREMENT=19;

--
-- AUTO_INCREMENT de la tabla `unidades`
--
ALTER TABLE `unidades`
  MODIFY `id_unidades` int(10) UNSIGNED NOT NULL AUTO_INCREMENT;

--
-- AUTO_INCREMENT de la tabla `unidadmedida`
--
ALTER TABLE `unidadmedida`
  MODIFY `idUnidadMedida` int(11) NOT NULL AUTO_INCREMENT, AUTO_INCREMENT=2;

--
-- AUTO_INCREMENT de la tabla `usuarios`
--
ALTER TABLE `usuarios`
  MODIFY `idUsuarios` int(10) UNSIGNED NOT NULL AUTO_INCREMENT;

--
-- AUTO_INCREMENT de la tabla `ventas`
--
ALTER TABLE `ventas`
  MODIFY `id_venta` int(10) UNSIGNED NOT NULL AUTO_INCREMENT;

--
-- Restricciones para tablas volcadas
--

--
-- Filtros para la tabla `caja`
--
ALTER TABLE `caja`
  ADD CONSTRAINT `caja_ibfk_1` FOREIGN KEY (`usuarios_idUsuarios`) REFERENCES `usuarios` (`idUsuarios`) ON DELETE NO ACTION ON UPDATE NO ACTION;

--
-- Filtros para la tabla `compras`
--
ALTER TABLE `compras`
  ADD CONSTRAINT `compras_ibfk_1` FOREIGN KEY (`producto_id_producto`) REFERENCES `producto` (`id_producto`) ON DELETE NO ACTION ON UPDATE NO ACTION;

--
-- Filtros para la tabla `gastos`
--
ALTER TABLE `gastos`
  ADD CONSTRAINT `gastos_ibfk_1` FOREIGN KEY (`departamento_id_departamento`) REFERENCES `departamento` (`id_departamento`) ON DELETE NO ACTION ON UPDATE NO ACTION;

--
-- Filtros para la tabla `usuarios`
--
ALTER TABLE `usuarios`
  ADD CONSTRAINT `usuarios_ibfk_1` FOREIGN KEY (`nivelSeguridad_idnivelSeguridad`) REFERENCES `nivelseguridad` (`idnivelSeguridad`) ON DELETE NO ACTION ON UPDATE NO ACTION;

--
-- Filtros para la tabla `ventas`
--
ALTER TABLE `ventas`
  ADD CONSTRAINT `ventas_ibfk_1` FOREIGN KEY (`producto_id_producto`) REFERENCES `producto` (`id_producto`) ON DELETE NO ACTION ON UPDATE NO ACTION;
COMMIT;

/*!40101 SET CHARACTER_SET_CLIENT=@OLD_CHARACTER_SET_CLIENT */;
/*!40101 SET CHARACTER_SET_RESULTS=@OLD_CHARACTER_SET_RESULTS */;
/*!40101 SET COLLATION_CONNECTION=@OLD_COLLATION_CONNECTION */;
